,Unnamed: 0,index,id,ingredients,type,labels,definition,uri
0,64,64,214252,"['ind:AllPurposeFlour', 'ind:whipping_cream', 'ind:Salt', 'ind:ChickenEgg', 'ind:BakingSoda', 'ind:WhiteSugar', 'ind:Butter', 'ind:BrownSugar', 'ind:VanillaExtract', 'ind:sour_cream', 'ind:cocoa']",wtm:Recipe,"['Sweet', 'Sour']",noni s sour cream chocolate cake with brown sugar icing,recipe:214252
1,258,258,107774,"['ind:VegetableOil', 'ind:Salt', 'ind:ChickenEgg', 'ind:WhiteSugar', 'ind:AllPurposeFlour', 'ind:CowMilk', 'ind:almond_extract', 'ind:BakingPowder', 'ind:Butter']",wtm:Recipe,['Sweet'],libby s so easy sugar cookies,recipe:107774
2,359,359,248092,"['ind:AllPurposeFlour', 'ind:CowMilk', 'ind:BakingPowder', 'ind:cocoa', 'ind:VegetableOil', 'ind:Salt', 'ind:ChickenEgg', 'ind:WhiteSugar']",wtm:Recipe,"['Bitter', 'Sweet']",cocoa bread,recipe:248092
3,335,335,cayenne_pepper,,wtm:Ingredient,['Piquant'],cayenne pepper,ind:cayenne_pepper
4,54,54,19486,"['ind:GreenPepper', 'ind:WhiteSugar', 'ind:AppleCiderVinegar', 'ind:Carrot', 'ind:Onion', 'ind:Celery', 'ind:macaroni', 'ind:Mayonnaise', 'ind:sweetened_condensed_milk']",wtm:Recipe,['Sour'],sweet n sour macaroni salad,recipe:19486
5,130,130,29209,"['ind:AllPurposeFlour', 'ind:shortening', 'ind:Salt', 'ind:ChickenEgg', 'ind:BakingSoda', 'ind:WhiteSugar', 'ind:buttermilk', 'ind:cinnamon', 'ind:VanillaExtract', 'ind:BrownSugar']",wtm:Recipe,['Sweet'],old fashioned soft sugar cookies,recipe:29209
6,270,270,474439,"['ind:ChickenEgg', 'ind:BakingSoda', 'ind:Butter', 'ind:BakingPowder', 'ind:AllPurposeFlour', 'ind:WhiteSugar', 'ind:VanillaExtract']",wtm:Recipe,['Sweet'],easy sugar cookies,recipe:474439
7,157,157,115730,"['ind:AllPurposeFlour', 'ind:VanillaExtract', 'ind:Water', 'ind:Mayonnaise', 'ind:Butter', 'ind:ChickenEgg', 'ind:Salt', 'ind:light_brown_sugar', 'ind:powdered_sugar', 'ind:pecans', 'ind:BakingPowder']",wtm:Recipe,['Sweet'],nancy s brown sugar nut bars,recipe:115730
8,210,210,82945,"['ind:AllPurposeFlour', 'ind:VanillaExtract', 'ind:Butter', 'ind:WhiteSugar', 'ind:ChickenEgg', 'ind:BakingPowder']",wtm:Recipe,['Sweet'],eloise s easy sugar cookies,recipe:82945
9,245,245,275067,"['ind:philadelphia_cream_cheese', 'ind:VanillaExtract', 'ind:yellow_cake_mix', 'ind:Butter', 'ind:ChickenEgg', 'ind:powdered_sugar']",wtm:Recipe,['Sweet'],sugar cream bars,recipe:275067
10,340,340,462596,"['ind:ChickenEgg', 'ind:VanillaExtract', 'ind:plain_yogurt', 'ind:lime_juice', 'ind:powdered_sugar', 'ind:VegetableOil', 'ind:Salt', 'ind:lime_zest', 'ind:WhiteSugar', 'ind:AllPurposeFlour', 'ind:BakingPowder']",wtm:Recipe,"['Sour', 'Sweet']",lime yogurt cake,recipe:462596
11,229,229,sugar_substitute,,wtm:Ingredient,['Sweet'],sugar substitute,ind:sugar_substitute
12,467,467,283740,"['ind:Garlic', 'ind:mozzarella_cheese', 'ind:lean_pork', 'ind:beef_broth', 'ind:pepperoni', 'ind:BlackPepper', 'ind:Salt']",wtm:Recipe,"['Salty', 'Meaty']",makedonska brzola  pork stuffed with cheese,recipe:283740
13,570,570,25557,"['ind:WhiteSugar', 'ind:beer', 'ind:AllPurposeFlour', 'ind:BakingPowder', 'ind:Salt']",wtm:Recipe,['Bitter'],beer bread mix,recipe:25557
14,323,323,tabasco_sauce,,wtm:Ingredient,['Piquant'],tabasco sauce,ind:tabasco_sauce
15,481,481,18537,"['ind:Clove', 'ind:applesauce', 'ind:pork_loin_chops', 'ind:BrownSugar']",wtm:Recipe,"['Salty', 'Meaty']",wait forever  pork chops,recipe:18537
16,316,316,ChickenBroth,,wtm:Ingredient,['Salty'],chicken broth,ind:ChickenBroth
17,252,252,129583,"['ind:Salt', 'ind:cinnamon', 'ind:BrownSugar', 'ind:nuts', 'ind:AllPurposeFlour', 'ind:egg_white', 'ind:VanillaExtract', 'ind:Butter']",wtm:Recipe,['Sweet'],my sugar coated pecans  almonds,recipe:129583
18,242,242,185928,"['ind:sour_cream', 'ind:BrownSugar', 'ind:walnuts', 'ind:WhiteSugar', 'ind:VanillaExtract']",wtm:Recipe,['Sweet'],sugar coated walnuts,recipe:185928
19,314,314,condensed_cream_of_chicken_soup,,wtm:Ingredient,['Salty'],condensed cream of chicken soup,ind:condensed_cream_of_chicken_soup
20,507,507,142205,"['ind:Celery', 'ind:american_cheese', 'ind:Onion', 'ind:Carrot', 'ind:BlackPepper', 'ind:Salt', 'ind:stewing_beef', 'ind:tomato_sauce', 'ind:Water', 'ind:worcestershire_sauce', 'ind:Potato']",wtm:Recipe,"['Meaty', 'Salty']",effortless beef stew,recipe:142205
21,522,522,184736,"['ind:chili_powder', 'ind:Onion', 'ind:fat', 'ind:Beef', 'ind:Garlic']",wtm:Recipe,"['Piquant', 'Salty', 'Meaty']",authentic 1840 texas chili,recipe:184736
22,390,390,stewing_pork,,wtm:Ingredient,['Meaty'],stewing pork,ind:stewing_pork
23,255,255,342748,"['ind:Water', 'ind:WhiteSugar']",wtm:Recipe,['Sweet'],doily sugar starch,recipe:342748
24,259,259,125802,"['ind:chili_powder', 'ind:garlic_powder', 'ind:cumin', 'ind:Salt', 'ind:onion_powder', 'ind:Paprika']",wtm:Recipe,['Sweet'],no sugar homemade taco seasoning,recipe:125802
25,14,14,340652,"['ind:Salt', 'ind:ChickenEgg', 'ind:WhiteSugar', 'ind:AllPurposeFlour', 'ind:CowMilk', 'ind:BakingPowder', 'ind:Butter', 'ind:BrownSugar', 'ind:BakingSoda', 'ind:sour_cream', 'ind:cinnamon', 'ind:nutmeg']",wtm:Recipe,['Sour'],cinnamon streusel sour cream pancakes,recipe:340652
26,142,142,536223,"['ind:unsalted_butter', 'ind:BakingPowder', 'ind:CowMilk', 'ind:almond_extract', 'ind:powdered_sugar', 'ind:ChickenEgg', 'ind:Salt', 'ind:AllPurposeFlour']",wtm:Recipe,['Sweet'],roxstarbakes cut out sugar cookie,recipe:536223
27,5,5,29287,"['ind:AppleCiderVinegar', 'ind:SoySauce', 'ind:crushed_pineapple', 'ind:WhiteSugar', 'ind:ground_ginger', 'ind:diced_tomatoes', 'ind:Onion', 'ind:Cornstarch']",wtm:Recipe,['Sour'],homemade sweet  sour sauce,recipe:29287
28,318,318,Chicken,,wtm:Ingredient,['Meaty'],chicken,ind:Chicken
29,310,310,hot_chili_pepper,,wtm:Ingredient,['Piquant'],hot chili pepper,ind:hot_chili_pepper
30,517,517,43539,"['ind:WhiteSugar', 'ind:WhiteVinegar', 'ind:ground_beef', 'ind:beef_broth', 'ind:Water', 'ind:Paprika', 'ind:garlic_powder', 'ind:AllPurposeFlour', 'ind:dried_onion_flakes', 'ind:Carrot', 'ind:chili_powder', 'ind:Salt']",wtm:Recipe,"['Piquant', 'Salty', 'Meaty']",tommy s hamburger chili sauce,recipe:43539
31,410,410,253138,"['ind:Garlic', 'ind:Water', 'ind:bay_leaves', 'ind:AppleCiderVinegar', 'ind:Onion', 'ind:Salt', 'ind:OliveOil', 'ind:BlackPepper', 'ind:fish']",wtm:Recipe,['Salty'],croatian boiled fish  and soup,recipe:253138
32,287,287,BalsamicVinegar,,wtm:Ingredient,['Sour'],balsamic vinegar,ind:BalsamicVinegar
33,162,162,102439,"['ind:heavy_cream', 'ind:VanillaExtract', 'ind:pumpkin_puree', 'ind:BrownSugar', 'ind:ChickenEgg', 'ind:cinnamon', 'ind:nutmeg', 'ind:WhiteSugar', 'ind:Salt', 'ind:CowMilk']",wtm:Recipe,['Sweet'],pumpkin flan with brown sugar crust,recipe:102439
34,557,557,339738,"['ind:Water', 'ind:elbow_macaroni', 'ind:lean_ground_beef', 'ind:OliveOil', 'ind:cheddar_cheese', 'ind:Salt', 'ind:Onion', 'ind:kidney_beans', 'ind:tomato_sauce', 'ind:chili_powder']",wtm:Recipe,"['Piquant', 'Meaty', 'Salty']",chili mac,recipe:339738
35,358,358,312719,"['ind:CowMilk', 'ind:cocoa', 'ind:WhiteSugar']",wtm:Recipe,"['Bitter', 'Sweet']",vegan hot almond cocoa,recipe:312719
36,279,279,385588,"['ind:Salt', 'ind:ChickenEgg', 'ind:raisins', 'ind:nutmeg', 'ind:BakingSoda', 'ind:corn_oil', 'ind:cinnamon', 'ind:BakingPowder', 'ind:BrownSugar', 'ind:AllPurposeFlour', 'ind:molasses', 'ind:walnuts', 'ind:zucchini', 'ind:VanillaExtract']",wtm:Recipe,['Sweet'],zucchini bread made with brown sugar and molasses,recipe:385588
37,419,419,fresh_coarse_ground_black_pepper,,wtm:Ingredient,['Piquant'],fresh coarse ground black pepper,ind:fresh_coarse_ground_black_pepper
38,555,555,238646,"['ind:cayenne_pepper', 'ind:cider_vinegar', 'ind:ground_beef', 'ind:tomato_sauce', 'ind:cumin', 'ind:Garlic', 'ind:Water', 'ind:Salt', 'ind:bay_leaf', 'ind:worcestershire_sauce', 'ind:chili_powder', 'ind:Onion']",wtm:Recipe,"['Piquant', 'Meaty', 'Salty']",chili dog chili,recipe:238646
39,199,199,208708,"['ind:VanillaExtract', 'ind:pecans', 'ind:cinnamon', 'ind:bananas', 'ind:light_brown_sugar', 'ind:Coconut', 'ind:CowMilk', 'ind:vanilla_ice_cream', 'ind:Butter']",wtm:Recipe,['Sweet'],brown sugar banana sauce  for ice cream,recipe:208708
40,422,422,red_bell_pepper,,wtm:Ingredient,['Piquant'],red bell pepper,ind:red_bell_pepper
41,284,284,WhiteVinegar,,wtm:Ingredient,['Sour'],white vinegar,ind:WhiteVinegar
42,27,27,349961,"['ind:green_beans', 'ind:Water', 'ind:AppleCiderVinegar', 'ind:Bacon', 'ind:AllPurposeFlour', 'ind:WhiteSugar']",wtm:Recipe,['Sour'],sour green beans,recipe:349961
43,342,342,lime_juice,,wtm:Ingredient,['Sour'],lime juice,ind:lime_juice
44,266,266,504523,"['ind:Salt', 'ind:WhiteSugar', 'ind:new_potatoes', 'ind:Water', 'ind:Butter']",wtm:Recipe,['Sweet'],sugar browned potatoes  danish,recipe:504523
45,83,83,73627,"['ind:maple_syrup', 'ind:walnuts', 'ind:AllPurposeFlour', 'ind:sour_cream', 'ind:BakingPowder', 'ind:light_brown_sugar', 'ind:ChickenEgg', 'ind:WhiteSugar', 'ind:Salt', 'ind:unsalted_butter', 'ind:cinnamon', 'ind:BakingSoda']",wtm:Recipe,['Sour'],sour cream maple walnut muffins,recipe:73627
46,278,278,349278,"['ind:Butter', 'ind:BrownSugar', 'ind:VanillaExtract', 'ind:AllPurposeFlour']",wtm:Recipe,['Sweet'],scottish brown sugar shortbread,recipe:349278
47,46,46,255809,"['ind:CowMilk', 'ind:BakingSoda', 'ind:BakingPowder', 'ind:sour_cream', 'ind:Butter', 'ind:AllPurposeFlour', 'ind:ground_cinnamon', 'ind:Salt', 'ind:WhiteSugar']",wtm:Recipe,['Sour'],cinnamon sour cream biscuits,recipe:255809
48,263,263,271893,"['ind:BakingPowder', 'ind:cream', 'ind:VanillaExtract', 'ind:ChickenEgg', 'ind:Butter', 'ind:WhiteSugar', 'ind:nutmeg', 'ind:AllPurposeFlour']",wtm:Recipe,['Sweet'],sugar cookies  if it has to come to that,recipe:271893
49,58,58,306353,"['ind:Butter', 'ind:BakingSoda', 'ind:powdered_sugar', 'ind:hot_water', 'ind:Salt', 'ind:ChickenEgg', 'ind:shortening', 'ind:AllPurposeFlour', 'ind:sour_cream', 'ind:BrownSugar', 'ind:pure_vanilla_extract', 'ind:VanillaExtract']",wtm:Recipe,"['Sweet', 'Sour']",jubilee jumbles  a k a sour cream sugar cookies,recipe:306353
50,247,247,507780,"['ind:WhiteSugar', 'ind:cinnamon', 'ind:apples']",wtm:Recipe,['Sweet'],oven dried cinnamon sugar apple peel chips,recipe:507780
51,44,44,180647,"['ind:WhiteSugar', 'ind:ChickenEgg', 'ind:BakingSoda', 'ind:cinnamon', 'ind:BakingPowder', 'ind:sour_cream', 'ind:AllPurposeFlour', 'ind:walnuts', 'ind:Butter']",wtm:Recipe,['Sour'],this is howard cosell s sour cream cake robustelli,recipe:180647
52,513,513,517817,"['ind:Tomato', 'ind:ground_coriander', 'ind:Garlic', 'ind:BlackPepper', 'ind:green_beans', 'ind:Salt', 'ind:stewing_beef', 'ind:ground_cumin']",wtm:Recipe,"['Meaty', 'Salty']",fasoolya khadra  jordanian beef stew,recipe:517817
53,477,477,252781,"['ind:pork', 'ind:BlackPepper', 'ind:dried_thyme', 'ind:Garlic', 'ind:Salt', 'ind:cloves', 'ind:Onion', 'ind:OliveOil', 'ind:Rosemary']",wtm:Recipe,"['Salty', 'Meaty']",pork roast meat as i like it,recipe:252781
54,32,32,96856,"['ind:Butter', 'ind:sour_cream', 'ind:chicken_stock', 'ind:Onion', 'ind:AllPurposeFlour', 'ind:Paprika', 'ind:Salt', 'ind:VegetableOil', 'ind:boneless_skinless_chicken_breast_halves']",wtm:Recipe,['Sour'],sour cream chicken paprika,recipe:96856
55,393,393,fresh_dill,,wtm:Ingredient,['Bitter'],fresh dill,ind:fresh_dill
56,225,225,79505,"['ind:Butter', 'ind:BakingSoda', 'ind:WhiteSugar', 'ind:ChickenEgg', 'ind:Salt', 'ind:nutmeg', 'ind:raisins', 'ind:AllPurposeFlour', 'ind:BakingPowder', 'ind:sour_cream', 'ind:VanillaExtract']",wtm:Recipe,['Sweet'],jason s sugar cookies,recipe:79505
57,122,122,191219,"['ind:BrownSugar', 'ind:cinnamon', 'ind:nutmeg', 'ind:Butter']",wtm:Recipe,['Sweet'],brown sugar and cinnamon butter,recipe:191219
58,107,107,sour_cream,,wtm:Ingredient,['Sour'],sour cream,ind:sour_cream
59,61,61,134359,"['ind:cider_vinegar', 'ind:sour_cream', 'ind:BlackPepper', 'ind:WhiteSugar']",wtm:Recipe,['Sour'],sour cream salad dressing,recipe:134359
60,466,466,128404,"['ind:SesameOil', 'ind:herbs', 'ind:LemonJuice']",wtm:Recipe,"['Sour', 'Salty']",lemon sesame marinade for pork,recipe:128404
61,215,215,402776,"['ind:BakingSoda', 'ind:BakingPowder', 'ind:Butter', 'ind:AllPurposeFlour', 'ind:ChickenEgg', 'ind:WhiteSugar']",wtm:Recipe,['Sweet'],mom s awesomely easy delicious sugar cookies,recipe:402776
62,576,576,425104,"['ind:green_onions', 'ind:fresh_lemon_juice', 'ind:SoySauce', 'ind:VegetableOil', 'ind:dried_thyme', 'ind:tabasco_sauce', 'ind:beer']",wtm:Recipe,"['Piquant', 'Salty', 'Bitter']",heineken beer steak marinade,recipe:425104
63,295,295,london_broil_beef,,wtm:Ingredient,['Meaty'],london broil beef,ind:london_broil_beef
64,548,548,176850,"['ind:chili_powder', 'ind:Celery', 'ind:ground_cumin', 'ind:fresh_parsley', 'ind:BlackPepper', 'ind:beef_stew_meat', 'ind:stewed_tomatoes', 'ind:Salt', 'ind:GreenPepper', 'ind:Bacon', 'ind:kidney_beans', 'ind:tomato_sauce', 'ind:Onion', 'ind:Carrot']",wtm:Recipe,"['Piquant', 'Meaty', 'Salty']",texican chili,recipe:176850
65,382,382,spicy_mustard,,wtm:Ingredient,"['Salty', 'Piquant']",spicy mustard,ind:spicy_mustard
66,396,396,dill_weed,,wtm:Ingredient,['Bitter'],dill weed,ind:dill_weed
67,91,91,155261,"['ind:AllPurposeFlour', 'ind:VanillaExtract', 'ind:BakingPowder', 'ind:Butter', 'ind:semi_sweet_chocolate_chips', 'ind:WhiteSugar', 'ind:ChickenEgg', 'ind:sour_cream', 'ind:unsweetened_cocoa_powder', 'ind:walnuts']",wtm:Recipe,['Sour'],sour cream chocolate fudge cake with chocolate buttercream,recipe:155261
68,527,527,284069,"['ind:Salt', 'ind:WhiteSugar', 'ind:Onion', 'ind:chili_powder', 'ind:Water', 'ind:garlic_powder', 'ind:GreenPepper', 'ind:diced_tomatoes', 'ind:ground_beef', 'ind:elbow_macaroni', 'ind:BlackPepper']",wtm:Recipe,"['Piquant', 'Meaty', 'Salty']",chili stuff,recipe:284069
69,573,573,74412,"['ind:mustard_powder', 'ind:beer', 'ind:Celery', 'ind:Onion', 'ind:AllPurposeFlour', 'ind:sharp_cheddar_cheese', 'ind:chicken_stock', 'ind:worcestershire_sauce', 'ind:VegetableOil', 'ind:BlackPepper', 'ind:Salt', 'ind:CowMilk', 'ind:tabasco_sauce']",wtm:Recipe,"['Piquant', 'Salty', 'Bitter']",thick beer cheese soup,recipe:74412
70,420,420,ground_black_pepper,,wtm:Ingredient,['Piquant'],ground black pepper,ind:ground_black_pepper
71,283,283,rice_wine_vinegar,,wtm:Ingredient,['Sour'],rice wine vinegar,ind:rice_wine_vinegar
72,109,109,451009,"['ind:sour_cream', 'ind:VanillaExtract', 'ind:ChickenEgg', 'ind:Butter', 'ind:WhiteSugar', 'ind:BakingSoda', 'ind:almond_extract', 'ind:Salt', 'ind:AllPurposeFlour']",wtm:Recipe,['Sour'],southern sour cream pound cake,recipe:451009
73,230,230,81507,"['ind:WhiteSugar', 'ind:cinnamon', 'ind:cream_cheese', 'ind:BrownSugar']",wtm:Recipe,['Sweet'],yummy cinnamon brown sugar cream cheese,recipe:81507
74,581,581,80923,"['ind:WhiteSugar', 'ind:Basil', 'ind:Salt', 'ind:Onion', 'ind:AllPurposeFlour', 'ind:sharp_cheddar_cheese', 'ind:BakingPowder', 'ind:green_onions', 'ind:beer', 'ind:sesame_seeds', 'ind:mustard_powder']",wtm:Recipe,"['Bitter', 'Salty', 'Sweet']",herbed onion beer bread with cheddar,recipe:80923
75,329,329,438737,"['ind:Salt', 'ind:heavy_cream', 'ind:chocolate_chips']",wtm:Recipe,['Sweet'],hot chocolate balls,recipe:438737
76,529,529,371156,"['ind:sour_cream', 'ind:Salt', 'ind:Garlic', 'ind:beef_broth', 'ind:tomato_paste', 'ind:lean_ground_beef', 'ind:ground_black_pepper', 'ind:diced_tomatoes', 'ind:cumin', 'ind:Onion', 'ind:kidney_beans', 'ind:cider_vinegar', 'ind:chili_powder', 'ind:dried_oregano', 'ind:red_bell_pepper', 'ind:AllPurposeFlour', 'ind:VegetableOil', 'ind:GreenOnion']",wtm:Recipe,"['Piquant', 'Meaty', 'Salty']",chili,recipe:371156
77,473,473,519263,"['ind:onion_powder', 'ind:pork', 'ind:BlackPepper', 'ind:OliveOil', 'ind:Paprika', 'ind:Salt', 'ind:chili_powder', 'ind:garlic_powder', 'ind:ChickenBroth', 'ind:coriander', 'ind:Cabbage', 'ind:Garlic', 'ind:beef_broth']",wtm:Recipe,"['Salty', 'Meaty']",croatian cabbage soup with pork,recipe:519263
78,568,568,50890,"['ind:ham', 'ind:beer', 'ind:maple_syrup', 'ind:BlackPepper', 'ind:dry_mustard', 'ind:Onion']",wtm:Recipe,['Bitter'],beer ham,recipe:50890
79,202,202,42256,"['ind:AllPurposeFlour', 'ind:VanillaExtract', 'ind:BakingPowder', 'ind:CowMilk', 'ind:Salt', 'ind:ChickenEgg', 'ind:margarine', 'ind:BrownSugar', 'ind:nuts']",wtm:Recipe,['Sweet'],brown sugar brownies  blondies,recipe:42256
80,545,545,448787,"['ind:diced_tomatoes', 'ind:tomato_sauce', 'ind:ground_beef', 'ind:dry_mustard', 'ind:CocoaPowder', 'ind:BlackPepper', 'ind:dark_brown_sugar', 'ind:Garlic', 'ind:Salt', 'ind:white_onion', 'ind:cider_vinegar', 'ind:kidney_beans', 'ind:chili_powder', 'ind:sharp_cheddar_cheese', 'ind:tomato_paste']",wtm:Recipe,"['Piquant', 'Meaty', 'Salty']",wonka chili,recipe:448787
81,418,418,276674,"['ind:artichoke_hearts', 'ind:Onion', 'ind:parmesan_cheese', 'ind:bread', 'ind:Mayonnaise']",wtm:Recipe,"['Bitter', 'Salty']",artichoke parmesan canapes,recipe:276674
82,111,111,116253,"['ind:VanillaExtract', 'ind:ChickenEgg', 'ind:WhiteSugar', 'ind:AllPurposeFlour', 'ind:Butter', 'ind:sour_cream', 'ind:BakingPowder']",wtm:Recipe,['Sour'],sour cream cupcakes,recipe:116253
83,455,455,230669,"['ind:ginger', 'ind:ketchup', 'ind:VegetableOil', 'ind:SoySauce', 'ind:BlackPepper', 'ind:Honey', 'ind:garlic_powder', 'ind:pork_loin_chops']",wtm:Recipe,"['Meaty', 'Salty']",skillet barbecue pork chops,recipe:230669
84,389,389,pork_loin_chops,,wtm:Ingredient,['Meaty'],pork loin chops,ind:pork_loin_chops
85,233,233,8517,"['ind:ChickenEgg', 'ind:Salt', 'ind:apples', 'ind:AllPurposeFlour', 'ind:Butter', 'ind:BrownSugar', 'ind:walnuts', 'ind:sour_cream', 'ind:BakingSoda', 'ind:VanillaExtract']",wtm:Recipe,['Sweet'],sherry s apple and brown sugar coffee cake,recipe:8517
86,120,120,353978,"['ind:Salt', 'ind:VanillaExtract', 'ind:ChickenEgg', 'ind:Honey', 'ind:CowMilk', 'ind:BakingPowder', 'ind:BakingSoda', 'ind:OliveOil', 'ind:unsweetened_cocoa_powder', 'ind:WholeWheatFlour', 'ind:boiling_water', 'ind:applesauce']",wtm:Recipe,['Sweet'],healthy sugar free chocolate cake,recipe:353978
87,300,300,beef_stew_meat,,wtm:Ingredient,['Meaty'],beef stew meat,ind:beef_stew_meat
88,78,78,91801,"['ind:VanillaExtract', 'ind:BrownSugar', 'ind:sour_cream']",wtm:Recipe,['Sour'],sour cream fruit dip,recipe:91801
89,45,45,134906,"['ind:GreenOnion', 'ind:ChickenEgg', 'ind:sour_cream', 'ind:Paprika']",wtm:Recipe,['Sour'],sour cream  poached eggs,recipe:134906
90,345,345,214733,"['ind:Honey', 'ind:AppleCiderVinegar']",wtm:Recipe,"['Sour', 'Sweet']",healthy apple cider vinegar tea,recipe:214733
91,326,326,206003,"['ind:Water', 'ind:fresh_garlic', 'ind:gingerroot', 'ind:WhiteSugar', 'ind:rice_vinegar', 'ind:Cornstarch', 'ind:Salt', 'ind:sambal_oelek']",wtm:Recipe,"['Piquant', 'Sweet']",linda s thai  sweet chili  sauce for dipping  egg rolls  sushi,recipe:206003
92,423,423,artichoke_hearts,,wtm:Ingredient,['Bitter'],artichoke hearts,ind:artichoke_hearts
93,237,237,BrownSugar,,wtm:Ingredient,['Sweet'],brown sugar,ind:BrownSugar
94,256,256,460301,"['ind:Water', 'ind:BrownSugar', 'ind:WhiteSugar']",wtm:Recipe,['Sweet'],sugar syrup for light or dark spirits pete evans,recipe:460301
95,31,31,77907,"['ind:Butter', 'ind:pecans', 'ind:BrownSugar', 'ind:sour_cream', 'ind:BakingPowder', 'ind:AllPurposeFlour', 'ind:cinnamon', 'ind:ChickenEgg', 'ind:WhiteSugar', 'ind:Salt']",wtm:Recipe,['Sour'],sour cream pecan streusel muffins,recipe:77907
96,7,7,274770,"['ind:ChickenEgg', 'ind:VanillaExtract', 'ind:WhiteSugar', 'ind:BakingSoda', 'ind:AllPurposeFlour', 'ind:sour_cream', 'ind:Butter', 'ind:Salt']",wtm:Recipe,"['Sweet', 'Sour']",big soft sour cream sugar cookies,recipe:274770
97,221,221,43895,"['ind:VanillaExtract', 'ind:baking_cocoa', 'ind:unsalted_butter', 'ind:BakingPowder', 'ind:AllPurposeFlour', 'ind:ChickenEgg', 'ind:WhiteSugar', 'ind:Salt', 'ind:BakingSoda']",wtm:Recipe,['Sweet'],rolled chocolate sugar cookies,recipe:43895
98,448,448,11179,"['ind:Onion', 'ind:sherry_wine', 'ind:dark_brown_sugar', 'ind:Salt', 'ind:Butter', 'ind:apples']",wtm:Recipe,"['Salty', 'Sour', 'Sweet']",apple onion sauce for pork,recipe:11179
99,539,539,137828,"['ind:Water', 'ind:tomato_sauce', 'ind:ground_beef', 'ind:Garlic', 'ind:chili_powder', 'ind:Onion']",wtm:Recipe,"['Piquant', 'Meaty', 'Salty']",coney island chili sauce for hot dogs,recipe:137828
100,204,204,123794,"['ind:Butter', 'ind:shortening', 'ind:Salt', 'ind:ChickenEgg', 'ind:WhiteSugar', 'ind:AllPurposeFlour', 'ind:walnuts', 'ind:BakingPowder', 'ind:BrownSugar', 'ind:VanillaExtract']",wtm:Recipe,['Sweet'],brown sugar walnut cookies,recipe:123794
101,74,74,low_fat_sour_cream,,wtm:Ingredient,['Sour'],low-fat sour cream,ind:low_fat_sour_cream
102,132,132,292012,"['ind:BakingSoda', 'ind:cinnamon', 'ind:buttermilk', 'ind:BakingPowder', 'ind:Butter', 'ind:AllPurposeFlour', 'ind:Salt', 'ind:ground_cloves', 'ind:ChickenEgg', 'ind:VanillaExtract', 'ind:WhiteSugar', 'ind:CocoaPowder', 'ind:Water']",wtm:Recipe,['Sweet'],chocolate cinnamon bread with sugar crust,recipe:292012
103,112,112,202768,"['ind:margarine', 'ind:sour_cream', 'ind:BakingSoda', 'ind:ChickenEgg', 'ind:WhiteSugar', 'ind:Salt', 'ind:VanillaExtract', 'ind:AllPurposeFlour']",wtm:Recipe,['Sour'],sarah s sour cream cookies,recipe:202768
104,175,175,253574,"['ind:LemonJuice', 'ind:cinnamon', 'ind:Water', 'ind:BrownSugar', 'ind:apples']",wtm:Recipe,['Sweet'],grilled cinnamon and brown sugar apples,recipe:253574
105,498,498,280431,"['ind:BlackPepper', 'ind:dried_oregano', 'ind:dried_onion_flakes', 'ind:Basil', 'ind:diced_tomatoes', 'ind:lean_ground_beef', 'ind:whole_kernel_corn', 'ind:Garlic', 'ind:tomato_sauce', 'ind:zucchini', 'ind:Salt', 'ind:parmesan_cheese']",wtm:Recipe,"['Meaty', 'Salty']",ground beef zucchini skillet meal,recipe:280431
106,39,39,176563,"['ind:ChickenEgg', 'ind:VanillaExtract', 'ind:Butter', 'ind:BakingSoda', 'ind:Salt', 'ind:WhiteSugar', 'ind:AllPurposeFlour', 'ind:BakingPowder', 'ind:sour_cream']",wtm:Recipe,['Sour'],sour cream cookies,recipe:176563
107,333,333,87160,"['ind:Bacon', 'ind:cayenne_pepper', 'ind:VegetableOil', 'ind:light_brown_sugar']",wtm:Recipe,"['Piquant', 'Salty']",cayenne candied bacon,recipe:87160
108,241,241,148949,"['ind:AllPurposeFlour', 'ind:BakingPowder', 'ind:Butter', 'ind:ChickenEgg', 'ind:WhiteSugar', 'ind:heavy_cream']",wtm:Recipe,['Sweet'],danish sugar pretzels  kringler,recipe:148949
109,348,348,47428,"['ind:dry_mustard', 'ind:LemonJuice', 'ind:Garlic', 'ind:ground_ginger', 'ind:whole_berry_cranberry_sauce', 'ind:SoySauce', 'ind:BrownSugar']",wtm:Recipe,"['Bitter', 'Piquant', 'Sour', 'Salty']",cranberry glaze,recipe:47428
110,117,117,419771,"['ind:BakingPowder', 'ind:unsalted_butter', 'ind:AllPurposeFlour', 'ind:low_fat_sour_cream', 'ind:Salt', 'ind:ChickenEgg', 'ind:WhiteSugar', 'ind:semi_sweet_chocolate_chips', 'ind:ground_cinnamon', 'ind:VanillaExtract', 'ind:walnuts']",wtm:Recipe,['Sour'],sour cream coffee cake muffins,recipe:419771
111,220,220,269925,"['ind:margarine', 'ind:BakingPowder', 'ind:AllPurposeFlour', 'ind:ChickenEgg', 'ind:VanillaExtract', 'ind:WhiteSugar', 'ind:Salt']",wtm:Recipe,['Sweet'],charmie s soft sugar cookies,recipe:269925
112,50,50,420741,"['ind:Salt', 'ind:sour_cream', 'ind:BakingPowder', 'ind:cake_flour', 'ind:unsalted_butter', 'ind:VanillaExtract', 'ind:WhiteSugar', 'ind:ChickenEgg']",wtm:Recipe,['Sour'],vanilla sour cream cupcakes  small batch,recipe:420741
113,143,143,388552,"['ind:CowMilk', 'ind:powdered_sugar', 'ind:BrownSugar', 'ind:shortening']",wtm:Recipe,['Sweet'],brown sugar icing,recipe:388552
114,167,167,302737,"['ind:Bacon', 'ind:honey_mustard', 'ind:BrownSugar']",wtm:Recipe,['Sweet'],awesome brown sugar bacon,recipe:302737
115,81,81,290944,"['ind:AllPurposeFlour', 'ind:Butter', 'ind:CowMilk', 'ind:ChickenEgg', 'ind:WhiteSugar', 'ind:Salt', 'ind:maple_syrup', 'ind:BakingPowder', 'ind:BakingSoda', 'ind:pecans', 'ind:sour_cream']",wtm:Recipe,['Sour'],maple sour cream pecan pancakes,recipe:290944
116,281,281,red_wine_vinegar,,wtm:Ingredient,['Sour'],red wine vinegar,ind:red_wine_vinegar
117,510,510,109222,"['ind:BlackPepper', 'ind:VegetableOil', 'ind:Carrot', 'ind:AllPurposeFlour', 'ind:Onion', 'ind:Potato', 'ind:Water', 'ind:Salt', 'ind:stewing_beef', 'ind:Tomato']",wtm:Recipe,"['Meaty', 'Salty']",never fail  never watch beef stew  crock pot,recipe:109222
118,190,190,195652,"['ind:unsalted_butter', 'ind:cinnamon', 'ind:AllPurposeFlour', 'ind:BrownSugar']",wtm:Recipe,['Sweet'],cinammon sugar cookies,recipe:195652
119,516,516,112140,"['ind:chili_powder', 'ind:tomato_paste', 'ind:Salt', 'ind:cheddar_cheese', 'ind:rotel_tomatoes', 'ind:ground_cumin', 'ind:Water', 'ind:lettuce', 'ind:tomato_soup', 'ind:diced_tomatoes', 'ind:ground_beef', 'ind:kidney_beans', 'ind:yellow_onions']",wtm:Recipe,"['Piquant', 'Salty', 'Meaty']",all in the kitchen  chili,recipe:112140
120,380,380,light_soy_sauce,,wtm:Ingredient,['Salty'],light soy sauce,ind:light_soy_sauce
121,198,198,79528,"['ind:VanillaExtract', 'ind:Butter', 'ind:BakingSoda', 'ind:ChickenEgg', 'ind:Salt', 'ind:WhiteSugar', 'ind:AllPurposeFlour']",wtm:Recipe,['Sweet'],classic sugar cookies  with variations,recipe:79528
122,214,214,293328,"['ind:VanillaExtract', 'ind:Salt', 'ind:BakingSoda', 'ind:nuts', 'ind:AllPurposeFlour', 'ind:BrownSugar', 'ind:Butter', 'ind:ChickenEgg', 'ind:WhiteSugar']",wtm:Recipe,['Sweet'],aunt catherine s million dollar sugar cookies,recipe:293328
123,426,426,22682,"['ind:ChickenEgg', 'ind:coarse_salt', 'ind:BakingSoda', 'ind:Butter', 'ind:CowMilk', 'ind:AllPurposeFlour', 'ind:Cheese', 'ind:WhiteSugar', 'ind:Salt']",wtm:Recipe,['Salty'],chewy cheesy soft pretzels,recipe:22682
124,170,170,210078,"['ind:ChickenEgg', 'ind:cream_cheese', 'ind:powdered_sugar', 'ind:yellow_cake_mix', 'ind:Butter']",wtm:Recipe,['Sweet'],sugar cream pie cake,recipe:210078
125,163,163,220889,"['ind:CowMilk', 'ind:Salt', 'ind:hot_water', 'ind:WhiteSugar', 'ind:BakingPowder', 'ind:AllPurposeFlour', 'ind:walnuts', 'ind:Butter']",wtm:Recipe,['Sweet'],burnt sugar dumplings yum,recipe:220889
126,251,251,277757,"['ind:VegetableOil', 'ind:WhiteSugar', 'ind:VanillaExtract']",wtm:Recipe,['Sweet'],homemade sugar scrub,recipe:277757
127,119,119,471733,"['ind:LemonJuice', 'ind:plain_yogurt']",wtm:Recipe,['Sour'],homemade sour cream with yogurt,recipe:471733
128,293,293,salt_freshly_ground_black_pepper,,wtm:Ingredient,['Salty'],salt & freshly ground black pepper,ind:salt_freshly_ground_black_pepper
129,224,224,222919,"['ind:cream', 'ind:VanillaExtract', 'ind:nuts', 'ind:BakingSoda', 'ind:WhiteSugar', 'ind:Butter']",wtm:Recipe,['Sweet'],burnt sugar fudge,recipe:222919
130,339,339,273993,"['ind:ChickenEgg', 'ind:jalapeno', 'ind:cheddar_cheese']",wtm:Recipe,"['Piquant', 'Salty']",jalapeno pepper pie,recipe:273993
131,470,470,136149,"['ind:Onion', 'ind:Salt', 'ind:pork_loin_chops', 'ind:BlackPepper', 'ind:mushrooms', 'ind:Butter', 'ind:LemonJuice', 'ind:Potato']",wtm:Recipe,"['Salty', 'Meaty']",pork parcels,recipe:136149
132,206,206,181913,"['ind:Butter', 'ind:WhiteSugar', 'ind:white_bread']",wtm:Recipe,['Sweet'],no bake sugar bread cookie,recipe:181913
133,98,98,75643,"['ind:ChickenEgg', 'ind:WhiteSugar', 'ind:Salt', 'ind:AllPurposeFlour', 'ind:sour_cream', 'ind:BakingSoda', 'ind:nutmeg', 'ind:VanillaExtract']",wtm:Recipe,['Sour'],sour cream doughnuts 1972  canadian,recipe:75643
134,153,153,sugar_free_non_fat_vanilla_yogurt,,wtm:Ingredient,['Sweet'],sugar-free non-fat vanilla yogurt,ind:sugar_free_non_fat_vanilla_yogurt
135,219,219,275663,"['ind:ground_cinnamon', 'ind:WhiteSugar', 'ind:apple']",wtm:Recipe,['Sweet'],apple slices with cinnamon sugar,recipe:275663
136,16,16,363936,"['ind:yogurt', 'ind:LemonJuice', 'ind:Paprika', 'ind:cumin', 'ind:sour_cream', 'ind:Salt', 'ind:Garlic']",wtm:Recipe,['Sour'],sandi s special seasoned sour scream,recipe:363936
137,351,351,lime_zest,,wtm:Ingredient,['Bitter'],lime zest,ind:lime_zest
138,271,271,198227,"['ind:BakingPowder', 'ind:BrownSugar', 'ind:powdered_sugar', 'ind:Salt', 'ind:ChickenEgg', 'ind:WhiteSugar', 'ind:CowMilk', 'ind:Butter', 'ind:VanillaExtract', 'ind:AllPurposeFlour']",wtm:Recipe,['Sweet'],blond brownies with br  sugar frosting,recipe:198227
139,205,205,480137,"['ind:cinnamon', 'ind:BakingSoda', 'ind:Butter', 'ind:AllPurposeFlour', 'ind:ChickenEgg', 'ind:VanillaExtract', 'ind:WhiteSugar']",wtm:Recipe,['Sweet'],quick  easy sugar cookies recipe,recipe:480137
140,508,508,110847,"['ind:Salt', 'ind:cinnamon', 'ind:Water', 'ind:OliveOil', 'ind:ground_black_pepper', 'ind:red_wine_vinegar', 'ind:tomato_paste', 'ind:Onion', 'ind:stewing_beef', 'ind:ground_cloves', 'ind:Garlic']",wtm:Recipe,"['Meaty', 'Salty']",greek egyptian beef stew,recipe:110847
141,349,349,164632,"['ind:ground_pepper', 'ind:kosher_salt', 'ind:Garlic', 'ind:lemon_zest', 'ind:OliveOil', 'ind:spinach']",wtm:Recipe,"['Bitter', 'Salty']",stir fried spinach with garlic and lemon zest,recipe:164632
142,38,38,271556,"['ind:nutmeg', 'ind:CowMilk', 'ind:AllPurposeFlour', 'ind:BakingPowder', 'ind:sour_cream', 'ind:ChickenEgg', 'ind:WhiteSugar', 'ind:Salt', 'ind:orange_rind', 'ind:cinnamon', 'ind:BakingSoda']",wtm:Recipe,['Sour'],sour cream donuts,recipe:271556
143,187,187,286900,"['ind:AllPurposeFlour', 'ind:Salt', 'ind:WhiteSugar', 'ind:ChickenEgg', 'ind:VanillaExtract', 'ind:BakingPowder', 'ind:unsalted_butter']",wtm:Recipe,['Sweet'],easy no chill sugar cookies,recipe:286900
144,174,174,212607,"['ind:VanillaExtract', 'ind:LemonJuice', 'ind:Butter', 'ind:Salt', 'ind:ChickenEgg', 'ind:WhiteSugar', 'ind:powdered_sugar', 'ind:BakingPowder', 'ind:AllPurposeFlour']",wtm:Recipe,['Sweet'],annette s basic sugar cookies,recipe:212607
145,556,556,96431,"['ind:Onion', 'ind:tomato_sauce', 'ind:kidney_beans', 'ind:cheddar_cheese', 'ind:Salt', 'ind:lean_ground_beef', 'ind:VegetableOil', 'ind:elbow_macaroni', 'ind:cumin', 'ind:garlic_powder', 'ind:Water', 'ind:chili_powder']",wtm:Recipe,"['Piquant', 'Meaty', 'Salty']",easy skillet cheese topped chili macaroni,recipe:96431
146,35,35,309946,"['ind:Butter', 'ind:bananas', 'ind:BakingSoda', 'ind:ChickenEgg', 'ind:WhiteSugar', 'ind:Salt', 'ind:AllPurposeFlour', 'ind:walnuts', 'ind:sour_cream', 'ind:VanillaExtract', 'ind:ground_cinnamon']",wtm:Recipe,['Sour'],banana sour cream bread  oamc,recipe:309946
147,192,192,63179,"['ind:BakingPowder', 'ind:cinnamon', 'ind:BakingSoda', 'ind:nutmeg', 'ind:ChickenEgg', 'ind:WhiteSugar', 'ind:Salt', 'ind:CowMilk', 'ind:lemon_zest', 'ind:Butter', 'ind:WholeWheatFlour', 'ind:VanillaExtract']",wtm:Recipe,['Sweet'],whole wheat sugar cookies,recipe:63179
148,387,387,lean_pork_chops,,wtm:Ingredient,['Meaty'],lean pork chops,ind:lean_pork_chops
149,569,569,74843,"['ind:OliveOil', 'ind:Salt', 'ind:egg_yolks', 'ind:fresh_parsley', 'ind:beer', 'ind:parmesan_cheese', 'ind:garlic_powder', 'ind:egg_whites', 'ind:AllPurposeFlour']",wtm:Recipe,['Bitter'],vegetables in beer batter,recipe:74843
150,59,59,19431,"['ind:Butter', 'ind:VanillaExtract', 'ind:ChickenEgg', 'ind:nuts', 'ind:AllPurposeFlour', 'ind:BakingPowder', 'ind:sour_cream', 'ind:BrownSugar', 'ind:BakingSoda', 'ind:cinnamon', 'ind:WhiteSugar']",wtm:Recipe,['Sour'],inez s sour cream coffee cake,recipe:19431
151,413,413,322401,"['ind:OliveOil', 'ind:zucchini', 'ind:Garlic', 'ind:Salt', 'ind:parmesan_cheese', 'ind:BlackPepper', 'ind:broth', 'ind:white_wine_vinegar', 'ind:Onion', 'ind:Potato']",wtm:Recipe,['Salty'],gerry s zucchni soup,recipe:322401
152,275,275,150131,"['ind:ChickenEgg', 'ind:VanillaExtract', 'ind:powdered_sugar', 'ind:BakingSoda', 'ind:shortening', 'ind:cake_flour', 'ind:WhiteSugar', 'ind:Salt', 'ind:BakingPowder']",wtm:Recipe,['Sweet'],world famous paradise bakery sugar cookies,recipe:150131
153,332,332,266354,"['ind:heavy_cream', 'ind:Salt', 'ind:cayenne_pepper', 'ind:unsalted_butter', 'ind:AllPurposeFlour', 'ind:sharp_cheddar_cheese']",wtm:Recipe,"['Piquant', 'Salty']",cheddar cayenne icebox crackers,recipe:266354
154,476,476,19823,"['ind:Garlic', 'ind:heavy_cream', 'ind:pork_loin_chops', 'ind:AllPurposeFlour', 'ind:Butter', 'ind:BlackPepper', 'ind:VegetableOil', 'ind:Salt']",wtm:Recipe,"['Salty', 'Meaty']",pork loin chops with garlic sauce,recipe:19823
155,388,388,pork_spareribs,,wtm:Ingredient,['Meaty'],pork spareribs,ind:pork_spareribs
156,303,303,roast_beef,,wtm:Ingredient,['Meaty'],roast beef,ind:roast_beef
157,152,152,107869,"['ind:BakingPowder', 'ind:VegetableOil', 'ind:ChickenEgg', 'ind:WhiteSugar', 'ind:Salt', 'ind:CowMilk', 'ind:ground_cinnamon', 'ind:AllPurposeFlour']",wtm:Recipe,['Sweet'],marbled cinnamon sugar quick bread,recipe:107869
158,40,40,427276,"['ind:AllPurposeFlour', 'ind:walnuts', 'ind:Butter', 'ind:ChickenEgg', 'ind:WhiteSugar', 'ind:Salt', 'ind:bananas', 'ind:BakingSoda', 'ind:BakingPowder', 'ind:sour_cream']",wtm:Recipe,['Sour'],banana sour cream loaf,recipe:427276
159,331,331,273349,"['ind:CocoaPowder', 'ind:chocolate_chips', 'ind:BrownSugar', 'ind:AllPurposeFlour', 'ind:cayenne_pepper', 'ind:Salt', 'ind:ChickenEgg', 'ind:BakingSoda', 'ind:WhiteSugar', 'ind:Butter']",wtm:Recipe,"['Sweet', 'Piquant']",cayenne chocolate cookies,recipe:273349
160,234,234,152583,"['ind:Salt', 'ind:VanillaExtract', 'ind:ChickenEgg', 'ind:AllPurposeFlour', 'ind:BakingPowder', 'ind:BrownSugar', 'ind:unsalted_butter']",wtm:Recipe,['Sweet'],brown sugar pound cake,recipe:152583
161,73,73,137343,"['ind:fresh_parsley', 'ind:WhiteSugar', 'ind:ChickenEgg', 'ind:Salt', 'ind:Tomato', 'ind:BlackPepper', 'ind:Butter', 'ind:scallions', 'ind:chicken_stock', 'ind:CowMilk', 'ind:sour_cream', 'ind:fresh_dill', 'ind:AllPurposeFlour']",wtm:Recipe,['Sour'],tomato sour cream dumpling soup,recipe:137343
162,114,114,153076,"['ind:Potato', 'ind:whipping_cream', 'ind:Butter', 'ind:sour_cream', 'ind:green_onions', 'ind:BlackPepper', 'ind:Salt']",wtm:Recipe,['Sour'],twice baked potatoes with sour cream and green onions,recipe:153076
163,572,572,259650,"['ind:chicken_stock', 'ind:Carrot', 'ind:AllPurposeFlour', 'ind:Onion', 'ind:cheddar_cheese', 'ind:Celery', 'ind:beer', 'ind:worcestershire_sauce', 'ind:dry_mustard', 'ind:tabasco_sauce']",wtm:Recipe,"['Bitter', 'Piquant', 'Salty']",cheddar beer soup,recipe:259650
164,578,578,24027,"['ind:CowMilk', 'ind:WhiteSugar', 'ind:BakingPowder', 'ind:AllPurposeFlour', 'ind:beer', 'ind:LemonJuice']",wtm:Recipe,"['Bitter', 'Salty', 'Sweet']",beer batter fish,recipe:24027
165,551,551,74059,"['ind:lean_ground_beef', 'ind:chili_powder', 'ind:Onion', 'ind:kidney_beans', 'ind:ground_cumin', 'ind:Salt', 'ind:Garlic', 'ind:stewed_tomatoes', 'ind:Oregano', 'ind:BlackPepper', 'ind:tomato_soup', 'ind:fresh_parsley', 'ind:Celery', 'ind:GreenPepper']",wtm:Recipe,"['Piquant', 'Meaty', 'Salty']",amazing chili,recipe:74059
166,474,474,181650,"['ind:ground_black_pepper', 'ind:lemon_juice_of', 'ind:Garlic', 'ind:OliveOil', 'ind:dried_oregano', 'ind:pork_loin_chops']",wtm:Recipe,"['Salty', 'Meaty']",grilled greek pork chops,recipe:181650
167,546,546,466215,"['ind:chili_powder', 'ind:wondra_flour', 'ind:tomato_paste', 'ind:ground_pork', 'ind:Salt', 'ind:WhiteSugar', 'ind:ground_cumin', 'ind:dried_onion_flakes', 'ind:Cornstarch', 'ind:Water', 'ind:ground_black_pepper', 'ind:garlic_powder', 'ind:WhiteVinegar', 'ind:ground_beef']",wtm:Recipe,"['Piquant', 'Meaty', 'Salty']",wienerschnitzel chili  as close as you will find,recipe:466215
168,544,544,45069,"['ind:garlic_powder', 'ind:ground_coriander', 'ind:cayenne_pepper', 'ind:ground_beef', 'ind:tomato_sauce', 'ind:Oregano', 'ind:chili_powder', 'ind:Onion', 'ind:ground_cumin', 'ind:kidney_beans', 'ind:diced_tomatoes']",wtm:Recipe,"['Piquant', 'Meaty', 'Salty']",debbie s crock pot chili,recipe:45069
169,169,169,475262,"['ind:CowMilk', 'ind:ChickenEgg', 'ind:Salt', 'ind:BakingPowder', 'ind:AllPurposeFlour', 'ind:VanillaExtract', 'ind:applesauce', 'ind:Butter']",wtm:Recipe,['Sweet'],healthy applesauce pancakes with no sugar added,recipe:475262
170,9,9,338810,"['ind:walnuts', 'ind:AllPurposeFlour', 'ind:sour_cream', 'ind:Butter', 'ind:Salt', 'ind:ChickenEgg', 'ind:VanillaExtract', 'ind:WhiteSugar', 'ind:BakingSoda', 'ind:bananas']",wtm:Recipe,['Sour'],easy sour cream banana bread,recipe:338810
171,6,6,375150,"['ind:VanillaExtract', 'ind:ChickenEgg', 'ind:AllPurposeFlour', 'ind:BakingPowder', 'ind:Butter', 'ind:sour_cream', 'ind:WhiteSugar']",wtm:Recipe,['Sour'],breakfast on the deck sour cream waffles,recipe:375150
172,134,134,233146,"['ind:BrownSugar', 'ind:bread']",wtm:Recipe,['Sweet'],burnt sugar toast,recipe:233146
173,184,184,249088,"['ind:VegetableOil', 'ind:BakingPowder', 'ind:Butter', 'ind:BrownSugar', 'ind:AllPurposeFlour', 'ind:CowMilk', 'ind:rolled_oats', 'ind:powdered_sugar', 'ind:cinnamon', 'ind:Salt', 'ind:VanillaExtract', 'ind:ChickenEgg']",wtm:Recipe,['Sweet'],brown sugar cinnamon oatmeal muffins,recipe:249088
174,180,180,354364,"['ind:light_brown_sugar', 'ind:OliveOil', 'ind:Carrot', 'ind:BalsamicVinegar']",wtm:Recipe,['Sweet'],balsamic and sugar roasted carrots,recipe:354364
175,459,459,339143,"['ind:fresh_parsley', 'ind:dried_thyme', 'ind:Salt', 'ind:dried_oregano', 'ind:pork_loin_chops', 'ind:ground_black_pepper', 'ind:OliveOil']",wtm:Recipe,"['Meaty', 'Salty']",easy herbed pork chops,recipe:339143
176,588,588,130327,"['ind:WhiteSugar', 'ind:beer', 'ind:lean_ground_beef', 'ind:ketchup']",wtm:Recipe,"['Bitter', 'Meaty', 'Salty', 'Sweet']",jj s beer cocktail meatballs,recipe:130327
177,460,460,87717,"['ind:garlic_powder', 'ind:worcestershire_sauce', 'ind:Butter', 'ind:Paprika', 'ind:WhiteSugar', 'ind:pork', 'ind:LemonJuice']",wtm:Recipe,"['Meaty', 'Salty']",tangy pork,recipe:87717
178,84,84,293549,"['ind:mustard', 'ind:ground_beef', 'ind:ketchup', 'ind:tomato_soup', 'ind:Onion', 'ind:BrownSugar', 'ind:AppleCiderVinegar']",wtm:Recipe,['Sour'],sweet and sour sloppy joes,recipe:293549
179,336,336,37096,"['ind:Salt', 'ind:lime_juice', 'ind:OliveOil', 'ind:Garlic', 'ind:shallots', 'ind:jalapenos']",wtm:Recipe,"['Piquant', 'Sour', 'Salty']",lime jalapeno vinaigrette,recipe:37096
180,443,443,1079,"['ind:CowMilk', 'ind:Butter', 'ind:Salt', 'ind:ChickenEgg', 'ind:AllPurposeFlour']",wtm:Recipe,"['Salty', 'Sweet']",salty milk biscuits,recipe:1079
181,103,103,286980,"['ind:chocolate_chips', 'ind:light_brown_sugar', 'ind:ChickenEgg', 'ind:BakingPowder', 'ind:Butter', 'ind:pecans', 'ind:sour_cream', 'ind:AllPurposeFlour', 'ind:cinnamon', 'ind:Salt', 'ind:VanillaExtract', 'ind:WhiteSugar']",wtm:Recipe,['Sour'],sour cream chocolate chip coffee cake,recipe:286980
182,90,90,355605,"['ind:sour_cream', 'ind:cider_vinegar', 'ind:WhiteSugar', 'ind:iceberg_lettuce', 'ind:CowMilk']",wtm:Recipe,['Sour'],ann j s polish sour cream lettuce,recipe:355605
183,171,171,82681,"['ind:BakingPowder', 'ind:pure_vanilla_extract', 'ind:unsalted_butter', 'ind:ChickenEgg', 'ind:WhiteSugar', 'ind:AllPurposeFlour']",wtm:Recipe,['Sweet'],wilton cookie blossom sugar cookies,recipe:82681
184,550,550,523359,"['ind:dried_onion_flakes', 'ind:Paprika', 'ind:Salt', 'ind:WhiteSugar', 'ind:ground_pork', 'ind:tomato_paste', 'ind:Water', 'ind:chili_powder', 'ind:wondra_flour', 'ind:Cornstarch', 'ind:ground_beef', 'ind:WhiteVinegar', 'ind:ground_black_pepper', 'ind:garlic_powder']",wtm:Recipe,"['Piquant', 'Meaty', 'Salty']",der wiener schnitzel style chili dog sauce,recipe:523359
185,309,309,chili_powder,,wtm:Ingredient,['Piquant'],chili powder,ind:chili_powder
186,365,365,19199,"['ind:SoySauce', 'ind:BlackPepper', 'ind:GreenOnion', 'ind:ChickenEgg', 'ind:Salt', 'ind:WhiteSugar', 'ind:sherry_wine', 'ind:Cornstarch', 'ind:ginger']",wtm:Recipe,['Salty'],seafood soy sauce marinade,recipe:19199
187,462,462,164519,"['ind:Salt', 'ind:SoySauce', 'ind:BlackPepper', 'ind:OliveOil', 'ind:BrownSugar', 'ind:garlic_powder', 'ind:whiskey']",wtm:Recipe,"['Salty', 'Sweet']",whiskey marinade for chicken  pork or steak,recipe:164519
188,86,86,353183,"['ind:Onion', 'ind:lemon_juice_of', 'ind:Potato', 'ind:Parsley', 'ind:Celery', 'ind:vegetable_stock', 'ind:Water', 'ind:Tomato', 'ind:Salt', 'ind:GreenPepper', 'ind:green_beans', 'ind:BlackPepper', 'ind:tomato_paste', 'ind:Carrot']",wtm:Recipe,['Sour'],littlemafia s romanian sour soup ciorba,recipe:353183
189,85,85,111617,"['ind:Cheese', 'ind:Salt', 'ind:green_beans', 'ind:BlackPepper', 'ind:sour_cream', 'ind:Onion', 'ind:dry_onion_soup_mix', 'ind:breadcrumbs', 'ind:sliced_mushrooms', 'ind:Butter']",wtm:Recipe,['Sour'],sour cream  green beans,recipe:111617
190,394,394,dill_pickles,,wtm:Ingredient,['Bitter'],dill pickles,ind:dill_pickles
191,425,425,487269,"['ind:Salt', 'ind:WhiteSugar', 'ind:onion_powder', 'ind:AppleCiderVinegar', 'ind:celery_seed', 'ind:sour_cream', 'ind:Mayonnaise', 'ind:buttermilk', 'ind:garlic_powder', 'ind:parsley_flakes', 'ind:BlackPepper']",wtm:Recipe,['Salty'],simple coleslaw  cole slaw  dressing,recipe:487269
192,582,582,370145,"['ind:ChickenEgg', 'ind:beer', 'ind:BakingPowder', 'ind:Butter', 'ind:AllPurposeFlour', 'ind:WhiteSugar']",wtm:Recipe,"['Bitter', 'Salty', 'Sweet']",bolo de cereveja  beer cake,recipe:370145
193,524,524,385303,"['ind:BlackPepper', 'ind:tomato_paste', 'ind:Salt', 'ind:lean_ground_beef', 'ind:Paprika', 'ind:Onion', 'ind:chili_powder', 'ind:garlic_powder']",wtm:Recipe,"['Piquant', 'Meaty', 'Salty']",grammy s hot  dog chili,recipe:385303
194,213,213,108172,"['ind:VanillaExtract', 'ind:Salt', 'ind:AllPurposeFlour', 'ind:ChickenEgg', 'ind:Butter', 'ind:BakingPowder', 'ind:WhiteSugar']",wtm:Recipe,['Sweet'],no fail sugar cookies,recipe:108172
195,235,235,32164,"['ind:plain_low_fat_yogurt', 'ind:nutmeg', 'ind:BrownSugar', 'ind:cinnamon']",wtm:Recipe,['Sweet'],sugar and spice dip,recipe:32164
196,308,308,asian_chili_sauce,,wtm:Ingredient,['Piquant'],asian chili sauce,ind:asian_chili_sauce
197,51,51,401458,"['ind:Onion', 'ind:green_beans', 'ind:Paprika', 'ind:Butter', 'ind:sour_cream']",wtm:Recipe,['Sour'],green beans in sour cream,recipe:401458
198,398,398,Oregano,,wtm:Ingredient,['Bitter'],oregano,ind:Oregano
199,261,261,290740,"['ind:BakingPowder', 'ind:Salt', 'ind:nutmeg', 'ind:ChickenEgg', 'ind:WhiteSugar', 'ind:CowMilk', 'ind:Butter', 'ind:AllPurposeFlour']",wtm:Recipe,['Sweet'],roll out sugar cookies,recipe:290740
200,515,515,241333,"['ind:BlackPepper', 'ind:SoySauce', 'ind:VegetableOil', 'ind:SesameOil', 'ind:ginger', 'ind:Garlic', 'ind:rice_vinegar']",wtm:Recipe,"['Meaty', 'Salty']",korean beef marinade,recipe:241333
201,37,37,315216,"['ind:Butter', 'ind:sour_cream', 'ind:ChickenEgg', 'ind:AllPurposeFlour', 'ind:BakingSoda', 'ind:VanillaExtract', 'ind:WhiteSugar', 'ind:Salt']",wtm:Recipe,['Sour'],mom s sour cream pound cake,recipe:315216
202,560,560,80236,"['ind:garlic_powder', 'ind:beer', 'ind:BakingPowder', 'ind:egg_white', 'ind:AllPurposeFlour', 'ind:ChickenEgg', 'ind:WhiteSugar', 'ind:Salt', 'ind:BlackPepper']",wtm:Recipe,['Bitter'],bacaba black pepper beer bread,recipe:80236
203,166,166,479060,"['ind:WhiteSugar', 'ind:strawberry']",wtm:Recipe,['Sweet'],sugar strawberries,recipe:479060
204,381,381,174296,"['ind:ginger', 'ind:SoySauce', 'ind:Garlic']",wtm:Recipe,['Salty'],asian infused soy sauce,recipe:174296
205,501,501,9167,"['ind:worcestershire_sauce', 'ind:Water', 'ind:Onion', 'ind:Salt', 'ind:BlackPepper', 'ind:GreenPepper', 'ind:sliced_mushrooms', 'ind:tomato_sauce', 'ind:macaroni', 'ind:ground_beef']",wtm:Recipe,"['Meaty', 'Salty']",skillet macaroni beef,recipe:9167
206,288,288,white_wine_vinegar,,wtm:Ingredient,['Sour'],white wine vinegar,ind:white_wine_vinegar
207,159,159,326739,"['ind:Bacon', 'ind:BrownSugar']",wtm:Recipe,['Sweet'],brown sugar bacon candy,recipe:326739
208,583,583,427984,"['ind:WhiteSugar', 'ind:Salt', 'ind:AllPurposeFlour', 'ind:Butter', 'ind:BakingPowder', 'ind:unsweetened_chocolate_squares', 'ind:BakingSoda', 'ind:beer', 'ind:egg_whites', 'ind:egg_yolks']",wtm:Recipe,"['Bitter', 'Salty', 'Sweet']",chocolate beer cake,recipe:427984
209,164,164,236505,"['ind:AllPurposeFlour', 'ind:BakingPowder', 'ind:Butter', 'ind:cream', 'ind:Salt', 'ind:ChickenEgg', 'ind:VanillaExtract', 'ind:WhiteSugar']",wtm:Recipe,['Sweet'],old fashioned sugar cookies,recipe:236505
210,350,350,472824,"['ind:lemon_zest', 'ind:salmon', 'ind:Butter']",wtm:Recipe,"['Bitter', 'Salty']",buttery lemon zest salmon with spinach salade and fries,recipe:472824
211,411,411,9982,"['ind:dry_mustard', 'ind:Paprika', 'ind:CowMilk', 'ind:Onion', 'ind:AllPurposeFlour', 'ind:Butter', 'ind:cheddar_cheese', 'ind:Carrot', 'ind:Water', 'ind:chicken_bouillon_cubes']",wtm:Recipe,['Salty'],canadian cheddar cheese soup,recipe:9982
212,246,246,14008,"['ind:Salt', 'ind:ChickenEgg', 'ind:WhiteSugar', 'ind:AllPurposeFlour', 'ind:CowMilk', 'ind:BakingPowder', 'ind:Butter']",wtm:Recipe,['Sweet'],sugar bread,recipe:14008
213,490,490,144302,"['ind:ChickenEgg', 'ind:picante_sauce', 'ind:mozzarella_cheese', 'ind:cheddar_cheese']",wtm:Recipe,"['Salty', 'Piquant']",chili cheese fudge,recipe:144302
214,106,106,11800,"['ind:ChickenEgg', 'ind:WhiteSugar', 'ind:BakingSoda', 'ind:bananas', 'ind:AllPurposeFlour', 'ind:BakingPowder', 'ind:CowMilk', 'ind:sour_cream', 'ind:icing_sugar', 'ind:cocoa', 'ind:Butter', 'ind:hot_water']",wtm:Recipe,['Sour'],banana sour cream cake,recipe:11800
215,354,354,372351,"['ind:Cabbage', 'ind:whole_berry_cranberry_sauce', 'ind:LemonJuice', 'ind:Salt']",wtm:Recipe,['Bitter'],swedish cabbage and cranberry salad,recipe:372351
216,144,144,173802,"['ind:Salt', 'ind:VanillaExtract', 'ind:ChickenEgg', 'ind:dark_brown_sugar', 'ind:AllPurposeFlour', 'ind:CowMilk', 'ind:BakingPowder', 'ind:Butter', 'ind:oatmeal', 'ind:WholeWheatFlour']",wtm:Recipe,['Sweet'],brown sugar oatmeal muffins,recipe:173802
217,559,559,327861,"['ind:WhiteSugar', 'ind:Salt', 'ind:AllPurposeFlour', 'ind:BakingPowder', 'ind:beer', 'ind:WholeWheatFlour']",wtm:Recipe,['Bitter'],whole wheat beer bread recipe vegan,recipe:327861
218,76,76,139117,"['ind:BrownSugar', 'ind:BlackPepper', 'ind:worcestershire_sauce', 'ind:GreenPepper', 'ind:ChickenEgg', 'ind:breadcrumbs', 'ind:Butter', 'ind:prepared_mustard', 'ind:tomato_soup', 'ind:garlic_powder', 'ind:WhiteVinegar', 'ind:ground_beef', 'ind:Onion']",wtm:Recipe,['Sour'],sweet sour meatball sauce,recipe:139117
219,403,403,rice_wine,,wtm:Ingredient,['Bitter'],rice wine,ind:rice_wine
220,178,178,188152,"['ind:WhiteSugar', 'ind:molasses']",wtm:Recipe,['Sweet'],homemade brown sugar substitute,recipe:188152
221,23,23,271475,"['ind:sour_cream', 'ind:BakingPowder', 'ind:Butter', 'ind:ChickenEgg', 'ind:AllPurposeFlour', 'ind:walnuts', 'ind:BakingSoda', 'ind:cinnamon', 'ind:VanillaExtract', 'ind:WhiteSugar']",wtm:Recipe,['Sour'],cinnamon sour cream coffee cake,recipe:271475
222,521,521,440023,"['ind:Tomato', 'ind:ground_beef', 'ind:OliveOil', 'ind:chili_powder', 'ind:Onion', 'ind:Garlic', 'ind:beans']",wtm:Recipe,"['Piquant', 'Salty', 'Meaty']",alice snelling s easy chili,recipe:440023
223,328,328,434962,"['ind:Salt', 'ind:Mayonnaise', 'ind:ground_cayenne_pepper', 'ind:chili_powder', 'ind:lime_juice']",wtm:Recipe,['Piquant'],spicy chili lime mayo,recipe:434962
224,409,409,16930,"['ind:Garlic', 'ind:bread', 'ind:half_and_half', 'ind:Onion', 'ind:AllPurposeFlour', 'ind:dried_thyme', 'ind:bay_leaf', 'ind:Butter', 'ind:low_sodium_chicken_broth', 'ind:dry_sherry']",wtm:Recipe,['Salty'],onion garlic soup,recipe:16930
225,244,244,171929,"['ind:icing_sugar', 'ind:VanillaExtract', 'ind:applesauce', 'ind:nutmeg', 'ind:AllPurposeFlour', 'ind:cider_vinegar', 'ind:BrownSugar', 'ind:nuts', 'ind:cinnamon', 'ind:VegetableOil', 'ind:BakingSoda', 'ind:raisins', 'ind:ChickenEgg']",wtm:Recipe,['Sweet'],applesauce dump cake with spiced dusting sugar,recipe:171929
226,497,497,210438,"['ind:Potato', 'ind:Celery', 'ind:Water', 'ind:tomato_soup', 'ind:Carrot', 'ind:ground_pepper', 'ind:AllPurposeFlour', 'ind:Onion', 'ind:bay_leaf', 'ind:stewing_beef', 'ind:OliveOil', 'ind:worcestershire_sauce']",wtm:Recipe,"['Meaty', 'Salty']",my mom s beef stew,recipe:210438
227,438,438,50827,"['ind:Tomato', 'ind:Garlic', 'ind:VegetableOil', 'ind:Salt', 'ind:green_beans', 'ind:lemon_juice_of']",wtm:Recipe,['Salty'],ensalada de porotos verdes  green bean and tomato salad,recipe:50827
228,514,514,452155,"['ind:tomato_soup', 'ind:ground_beef', 'ind:Cabbage', 'ind:Water', 'ind:Onion']",wtm:Recipe,"['Meaty', 'Salty']",easy cabbage beef bake,recipe:452155
229,456,456,281650,"['ind:Onion', 'ind:ChickenEgg', 'ind:Salt', 'ind:whole_kernel_corn', 'ind:pork_loin_chops', 'ind:BlackPepper', 'ind:Butter', 'ind:sage', 'ind:Celery', 'ind:soft_breadcrumbs']",wtm:Recipe,"['Meaty', 'Salty']",corn stuffed pork chops,recipe:281650
230,70,70,88222,"['ind:ChickenEgg', 'ind:BakingSoda', 'ind:Butter', 'ind:sour_cream', 'ind:AllPurposeFlour', 'ind:WhiteSugar', 'ind:VanillaExtract']",wtm:Recipe,['Sour'],best sour cream pound cake in the world,recipe:88222
231,128,128,32573,"['ind:VanillaExtract', 'ind:ChickenEgg', 'ind:Butter', 'ind:BakingSoda', 'ind:Salt', 'ind:WhiteSugar', 'ind:AllPurposeFlour']",wtm:Recipe,['Sweet'],worlds best sugar cookies,recipe:32573
232,110,110,174297,"['ind:LemonJuice', 'ind:WhiteSugar']",wtm:Recipe,['Sour'],sweet and sour mix,recipe:174297
233,585,585,194842,"['ind:beer', 'ind:BakingSoda', 'ind:cinnamon', 'ind:BakingPowder', 'ind:sour_cream', 'ind:Butter', 'ind:AllPurposeFlour', 'ind:ChickenEgg', 'ind:Salt', 'ind:WhiteSugar', 'ind:VanillaExtract', 'ind:walnuts']",wtm:Recipe,"['Bitter', 'Salty', 'Sweet']",christmas beer cake,recipe:194842
234,377,377,111373,"['ind:onion_powder', 'ind:BlackPepper', 'ind:ground_ginger', 'ind:molasses', 'ind:cider_vinegar', 'ind:garlic_powder', 'ind:low_sodium_beef_broth']",wtm:Recipe,['Salty'],soy sauce substitute gluten free,recipe:111373
235,444,444,298923,"['ind:WhiteSugar', 'ind:cinnamon', 'ind:egg_white', 'ind:pecans', 'ind:Salt']",wtm:Recipe,"['Salty', 'Sweet']",sweet and salty cinnamon nuts,recipe:298923
236,146,146,340209,"['ind:AllPurposeFlour', 'ind:ChickenEgg', 'ind:Salt', 'ind:BakingSoda', 'ind:ground_cinnamon', 'ind:sugar_substitute', 'ind:Water']",wtm:Recipe,['Sweet'],sugar free cinnamon cookies,recipe:340209
237,315,315,chicken_bouillon_cubes,,wtm:Ingredient,['Salty'],chicken bouillon cubes,ind:chicken_bouillon_cubes
238,566,566,274558,"['ind:cheddar_cheese', 'ind:beer', 'ind:Salt', 'ind:BakingPowder', 'ind:CowMilk', 'ind:AllPurposeFlour', 'ind:WhiteSugar', 'ind:ChickenEgg', 'ind:VegetableOil']",wtm:Recipe,['Bitter'],beer cheese bread,recipe:274558
239,436,436,126960,"['ind:AllPurposeFlour', 'ind:Butter', 'ind:Salt', 'ind:ChickenEgg', 'ind:VanillaExtract', 'ind:WhiteSugar', 'ind:dark_brown_sugar', 'ind:BakingSoda', 'ind:cinnamon']",wtm:Recipe,['Sweet'],cinnamon butter cookies,recipe:126960
240,483,483,298856,"['ind:OliveOil', 'ind:Salt', 'ind:ChickenEgg', 'ind:fresh_ground_pepper', 'ind:AllPurposeFlour', 'ind:ground_beef', 'ind:Onion', 'ind:spinach', 'ind:white_bread', 'ind:Garlic']",wtm:Recipe,"['Bitter', 'Meaty', 'Salty']",beef and spinach fritters,recipe:298856
241,502,502,74153,"['ind:LemonJuice', 'ind:Garlic', 'ind:WhiteSugar', 'ind:Salt', 'ind:Onion', 'ind:BlackPepper', 'ind:worcestershire_sauce', 'ind:Paprika', 'ind:hot_water', 'ind:stewing_beef']",wtm:Recipe,"['Meaty', 'Salty']",joyce s beef stew,recipe:74153
242,222,222,416008,"['ind:Salt', 'ind:WhiteSugar', 'ind:ChickenEgg', 'ind:AllPurposeFlour', 'ind:BakingPowder', 'ind:pure_vanilla_extract', 'ind:unsalted_butter']",wtm:Recipe,['Sweet'],softest sugar cookies ever,recipe:416008
243,3,3,96249,"['ind:Water', 'ind:Cornstarch', 'ind:tomato_sauce', 'ind:WhiteSugar', 'ind:SoySauce', 'ind:AppleCiderVinegar']",wtm:Recipe,['Sour'],basic sweet and sour sauce,recipe:96249
244,29,29,48020,"['ind:light_brown_sugar', 'ind:Salt', 'ind:ChickenEgg', 'ind:BakingSoda', 'ind:AppleCiderVinegar', 'ind:whole_milk', 'ind:cocoa', 'ind:AllPurposeFlour', 'ind:shortening', 'ind:WhiteSugar', 'ind:VanillaExtract']",wtm:Recipe,['Sour'],sour milk chocolate cake,recipe:48020
245,182,182,358587,"['ind:walnuts', 'ind:AllPurposeFlour', 'ind:lemon_juice_of', 'ind:margarine', 'ind:cinnamon', 'ind:rolled_oats', 'ind:Salt', 'ind:WhiteSugar', 'ind:apples']",wtm:Recipe,['Sweet'],apple crisp with organic sugar,recipe:358587
246,123,123,412965,"['ind:AllPurposeFlour', 'ind:VanillaExtract', 'ind:Butter', 'ind:WhiteSugar', 'ind:ChickenEgg', 'ind:Salt', 'ind:BakingPowder']",wtm:Recipe,['Sweet'],sugar cookie perfection,recipe:412965
247,115,115,136981,"['ind:Salt', 'ind:VanillaExtract', 'ind:ChickenEgg', 'ind:WhiteSugar', 'ind:AllPurposeFlour', 'ind:apples', 'ind:ground_cinnamon', 'ind:sour_cream', 'ind:BakingSoda']",wtm:Recipe,['Sour'],sour cream apple pancakes,recipe:136981
248,511,511,307000,"['ind:Water', 'ind:BrownSugar', 'ind:CornedBeef', 'ind:Onion', 'ind:WhiteVinegar']",wtm:Recipe,"['Meaty', 'Salty']",slow cooker corned beef,recipe:307000
249,407,407,26695,"['ind:cayenne_pepper', 'ind:Onion', 'ind:vegetable_stock', 'ind:cauliflower', 'ind:Salt', 'ind:OliveOil', 'ind:BlackPepper', 'ind:Garlic', 'ind:diced_tomatoes', 'ind:fresh_ginger', 'ind:broccoli', 'ind:natural_style_peanut_butter']",wtm:Recipe,['Salty'],ginger peanut soup,recipe:26695
250,208,208,483776,"['ind:BrownSugar', 'ind:Butter', 'ind:cinnamon']",wtm:Recipe,['Sweet'],brown sugar n cinnamon butter,recipe:483776
251,536,536,184907,"['ind:diced_tomatoes', 'ind:cumin', 'ind:Garlic', 'ind:WhiteSugar', 'ind:Paprika', 'ind:VegetableOil', 'ind:BlackPepper', 'ind:Onion', 'ind:limeade', 'ind:Salt', 'ind:black_beans', 'ind:ground_beef', 'ind:cayenne_pepper', 'ind:tomato_sauce', 'ind:chili_powder']",wtm:Recipe,"['Piquant', 'Meaty', 'Salty']",jody s black bean chili,recipe:184907
252,482,482,369923,"['ind:Onion', 'ind:Cornstarch', 'ind:Salt', 'ind:Paprika', 'ind:cheddar_cheese', 'ind:dried_oregano', 'ind:taco_shells', 'ind:ground_cumin', 'ind:Water', 'ind:ground_coriander', 'ind:garlic_powder', 'ind:chili_powder', 'ind:ground_beef']",wtm:Recipe,"['Meaty', 'Piquant', 'Salty']",mexican beef,recipe:369923
253,587,587,22689,"['ind:dry_mustard', 'ind:chili_powder', 'ind:rubbed_sage', 'ind:Salt', 'ind:WhiteSugar', 'ind:Honey', 'ind:LemonJuice', 'ind:beer', 'ind:ground_black_pepper']",wtm:Recipe,"['Bitter', 'Piquant', 'Salty', 'Sweet']",beer and honey marinade,recipe:22689
254,254,254,336918,"['ind:ChickenEgg', 'ind:WhiteSugar', 'ind:shortening', 'ind:Salt', 'ind:CowMilk', 'ind:AllPurposeFlour', 'ind:Butter', 'ind:BakingPowder', 'ind:powdered_sugar', 'ind:VanillaExtract']",wtm:Recipe,['Sweet'],the best rolled sugar cookies,recipe:336918
255,366,366,392910,"['ind:green_onions', 'ind:ginger', 'ind:SoySauce', 'ind:Garlic']",wtm:Recipe,['Salty'],gingered soy sauce,recipe:392910
256,343,343,145367,"['ind:ground_ginger', 'ind:Salt', 'ind:lime_zest', 'ind:BlackPepper', 'ind:Butter']",wtm:Recipe,"['Piquant', 'Sour', 'Salty']",lime  ginger butter,recipe:145367
257,346,346,143011,"['ind:WhiteSugar', 'ind:AllPurposeFlour', 'ind:orange_rind', 'ind:BakingPowder', 'ind:margarine', 'ind:orange_juice', 'ind:CowMilk', 'ind:walnuts', 'ind:ground_ginger', 'ind:ChickenEgg']",wtm:Recipe,['Bitter'],orange ginger tea loaf,recipe:143011
258,376,376,66763,"['ind:pork', 'ind:VegetableOil', 'ind:SoySauce', 'ind:Onion', 'ind:BrownSugar', 'ind:Water', 'ind:Garlic']",wtm:Recipe,['Salty'],braised pork in soy sauce,recipe:66763
259,183,183,145953,"['ind:AllPurposeFlour', 'ind:Butter', 'ind:WhiteSugar', 'ind:BrownSugar']",wtm:Recipe,['Sweet'],brown sugar butter cookies,recipe:145953
260,317,317,BeefBouillon,,wtm:Ingredient,['Salty'],beef bouillon,ind:BeefBouillon
261,505,505,189118,"['ind:Celery', 'ind:elbow_macaroni', 'ind:Tomato', 'ind:BlackPepper', 'ind:VegetableOil', 'ind:beef_stew_meat', 'ind:Paprika', 'ind:Salt', 'ind:Onion', 'ind:chili_powder', 'ind:Water']",wtm:Recipe,"['Meaty', 'Salty']",macaroni beef stew,recipe:189118
262,435,435,28549,"['ind:BlackPepper', 'ind:SoySauce', 'ind:VegetableOil', 'ind:green_onions', 'ind:sesame_seeds', 'ind:ground_beef', 'ind:Garlic', 'ind:WhiteSugar']",wtm:Recipe,"['Salty', 'Meaty']",korean hamburgers,recipe:28549
263,534,534,264968,"['ind:hamburger_buns', 'ind:Water', 'ind:chili_powder', 'ind:a_1_original_sauce', 'ind:Salt', 'ind:Paprika', 'ind:BlackPepper', 'ind:lean_ground_beef', 'ind:onion_powder', 'ind:ketchup']",wtm:Recipe,"['Piquant', 'Meaty', 'Salty']",homemade sloppy joes or hot dog chili,recipe:264968
264,291,291,kosher_salt,,wtm:Ingredient,['Salty'],kosher salt,ind:kosher_salt
265,307,307,red_chili_pepper,,wtm:Ingredient,['Piquant'],red chili pepper,ind:red_chili_pepper
266,248,248,494574,"['ind:Salt', 'ind:dark_brown_sugar', 'ind:BlackPepper', 'ind:Carrot', 'ind:unsalted_butter']",wtm:Recipe,['Sweet'],sugar glazed roasted carrots,recipe:494574
267,194,194,84995,"['ind:VanillaExtract', 'ind:AllPurposeFlour', 'ind:walnuts', 'ind:BakingPowder', 'ind:unsalted_butter', 'ind:BrownSugar', 'ind:Salt', 'ind:raisins', 'ind:ChickenEgg']",wtm:Recipe,['Sweet'],sam s brown sugar and raisin cookies,recipe:84995
268,227,227,224138,"['ind:bananas', 'ind:cinnamon', 'ind:BakingSoda', 'ind:buttermilk', 'ind:Butter', 'ind:pecans', 'ind:AllPurposeFlour', 'ind:semi_sweet_chocolate_chips', 'ind:ChickenEgg', 'ind:VanillaExtract', 'ind:Salt', 'ind:WhiteSugar', 'ind:WholeWheatFlour']",wtm:Recipe,['Sweet'],cinnamon sugar banana bread,recipe:224138
269,372,372,low_sodium_soy_sauce,,wtm:Ingredient,['Salty'],low sodium soy sauce,ind:low_sodium_soy_sauce
270,93,93,12320,"['ind:Butter', 'ind:BakingSoda', 'ind:WhiteSugar', 'ind:ChickenEgg', 'ind:AllPurposeFlour', 'ind:BakingPowder', 'ind:sour_cream', 'ind:VanillaExtract']",wtm:Recipe,['Sour'],walnut sour cream coffee cake,recipe:12320
271,118,118,164213,"['ind:white_bread', 'ind:Salt', 'ind:Oregano', 'ind:Tomato', 'ind:BlackPepper', 'ind:sour_cream', 'ind:cream_cheese']",wtm:Recipe,['Sour'],tomato and sour cream tea sandwiches,recipe:164213
272,24,24,200964,"['ind:ChickenEgg', 'ind:apples', 'ind:yellow_cake_mix', 'ind:Butter', 'ind:LemonJuice', 'ind:cinnamon', 'ind:WhiteSugar', 'ind:sour_cream']",wtm:Recipe,['Sour'],apple sour cream kuchen,recipe:200964
273,322,322,louisiana_hot_sauce,,wtm:Ingredient,['Piquant'],louisiana hot sauce,ind:louisiana_hot_sauce
274,424,424,BlackPepper,,wtm:Ingredient,['Piquant'],black pepper,ind:BlackPepper
275,22,22,50755,"['ind:Salt', 'ind:VanillaExtract', 'ind:ChickenEgg', 'ind:WhiteSugar', 'ind:AllPurposeFlour', 'ind:walnuts', 'ind:BakingPowder', 'ind:margarine', 'ind:sour_cream', 'ind:BakingSoda', 'ind:cinnamon']",wtm:Recipe,['Sour'],amj s sour cream coffee cake,recipe:50755
276,577,577,477685,"['ind:BakingPowder', 'ind:Butter', 'ind:AllPurposeFlour', 'ind:Cheese', 'ind:Bacon', 'ind:Salt', 'ind:WhiteSugar', 'ind:beer']",wtm:Recipe,"['Bitter', 'Salty', 'Sweet']",bacon cheddar beer bread,recipe:477685
277,509,509,1550,"['ind:Cornstarch', 'ind:bell_peppers', 'ind:fresh_ginger', 'ind:Salt', 'ind:shortening', 'ind:Beef', 'ind:WhiteSugar', 'ind:sherry_wine', 'ind:SoySauce']",wtm:Recipe,"['Meaty', 'Salty']",beef with green peppers,recipe:1550
278,15,15,167890,"['ind:lemon_zest', 'ind:cayenne_pepper', 'ind:mustard', 'ind:fresh_parsley', 'ind:fresh_lemon_juice', 'ind:Salt', 'ind:ChickenEgg', 'ind:sour_cream', 'ind:Mayonnaise']",wtm:Recipe,['Sour'],sour cream and lemon deviled eggs,recipe:167890
279,485,485,430109,"['ind:AppleCiderVinegar', 'ind:BlackPepper', 'ind:tomato_paste', 'ind:worcestershire_sauce', 'ind:Salt', 'ind:shortening', 'ind:Honey', 'ind:beef_bouillon_cube', 'ind:prepared_mustard', 'ind:Water', 'ind:ChuckRoast', 'ind:AllPurposeFlour', 'ind:Onion']",wtm:Recipe,"['Salty', 'Sour', 'Sweet']",devilled beef,recipe:430109
280,72,72,153046,"['ind:Butter', 'ind:plain_yogurt']",wtm:Recipe,['Sour'],substitute sour cream,recipe:153046
281,0,0,95315,"['ind:VanillaExtract', 'ind:ChickenEgg', 'ind:WhiteSugar', 'ind:AllPurposeFlour', 'ind:Butter', 'ind:sour_cream', 'ind:BakingSoda']",wtm:Recipe,['Sour'],grandmother paul s sour cream pound cake,recipe:95315
282,26,26,64239,"['ind:fresh_breadcrumb', 'ind:green_onions', 'ind:sour_cream', 'ind:BlackPepper', 'ind:lean_ground_beef', 'ind:worcestershire_sauce', 'ind:Salt']",wtm:Recipe,['Sour'],grilled sour cream burgers,recipe:64239
283,274,274,417814,"['ind:Parsley', 'ind:Garlic', 'ind:parmesan_cheese', 'ind:Oregano', 'ind:Onion', 'ind:crushed_tomatoes', 'ind:ground_beef', 'ind:Basil', 'ind:Salt', 'ind:tomato_paste', 'ind:OliveOil', 'ind:BlackPepper']",wtm:Recipe,['Sweet'],sicilian spaghetti sauce  ragu  no sugar added,recipe:417814
284,11,11,278464,"['ind:Banana', 'ind:Butter', 'ind:sour_cream', 'ind:BakingPowder', 'ind:semi_sweet_chocolate_chips', 'ind:AllPurposeFlour', 'ind:cinnamon', 'ind:ChickenEgg', 'ind:VanillaExtract', 'ind:WhiteSugar', 'ind:Salt']",wtm:Recipe,['Sour'],sour cream banana choc chip muffins,recipe:278464
285,105,105,75278,"['ind:AllPurposeFlour', 'ind:fresh_dill', 'ind:Butter', 'ind:BakingPowder', 'ind:sour_cream', 'ind:ChickenEgg', 'ind:Salt', 'ind:BakingSoda']",wtm:Recipe,['Sour'],dill sour cream scones,recipe:75278
286,496,496,394769,"['ind:cumin', 'ind:CanolaOil', 'ind:lime_juice', 'ind:Salt', 'ind:Carrot', 'ind:fresh_cilantro', 'ind:chili_powder']",wtm:Recipe,"['Salty', 'Piquant']",chili roasted carrots,recipe:394769
287,475,475,48426,"['ind:CowMilk', 'ind:Garlic', 'ind:Parsley', 'ind:Celery', 'ind:parmesan_cheese', 'ind:cream_of_celery_soup', 'ind:AllPurposeFlour', 'ind:Onion', 'ind:Salt', 'ind:pork_loin_chops', 'ind:BlackPepper', 'ind:mushrooms', 'ind:Butter']",wtm:Recipe,"['Salty', 'Meaty']",souped up pork chops or chicken,recipe:48426
288,181,181,343369,"['ind:VanillaExtract', 'ind:ChickenEgg', 'ind:WhiteSugar', 'ind:Salt', 'ind:CowMilk', 'ind:AllPurposeFlour', 'ind:Butter', 'ind:BakingPowder']",wtm:Recipe,['Sweet'],my favorite rolled sugar cookies,recipe:343369
289,471,471,464790,"['ind:VegetableOil', 'ind:pasta', 'ind:cheddar_cheese', 'ind:Onion', 'ind:Tomato', 'ind:pork']",wtm:Recipe,"['Salty', 'Meaty']",spaghetti pork savoury,recipe:464790
290,209,209,481768,"['ind:Butter', 'ind:BrownSugar', 'ind:fresh_ground_pepper', 'ind:broccoli_floret', 'ind:OliveOil', 'ind:garlic_powder', 'ind:Garlic', 'ind:Salt']",wtm:Recipe,['Sweet'],sugar dusted broccoli,recipe:481768
291,379,379,161298,"['ind:Potato', 'ind:Butter', 'ind:SoySauce']",wtm:Recipe,['Salty'],microwaved soy sauce potatoes,recipe:161298
292,66,66,265244,"['ind:ground_beef', 'ind:hamburger_buns', 'ind:ketchup', 'ind:dry_mustard', 'ind:Onion', 'ind:AppleCiderVinegar', 'ind:sour_cream', 'ind:Salt']",wtm:Recipe,['Sour'],sour cream burgers for 2,recipe:265244
293,553,553,148259,"['ind:chili_powder', 'ind:lean_ground_beef', 'ind:Paprika', 'ind:Salt', 'ind:elbow_macaroni', 'ind:ground_cayenne_pepper', 'ind:diced_tomatoes', 'ind:tomato_sauce', 'ind:kidney_beans', 'ind:Onion']",wtm:Recipe,"['Piquant', 'Meaty', 'Salty']",speedy chili with macaroni,recipe:148259
294,154,154,220517,"['ind:CowMilk', 'ind:AllPurposeFlour', 'ind:BakingPowder', 'ind:ChickenEgg', 'ind:VanillaExtract', 'ind:Salt', 'ind:WhiteSugar', 'ind:shortening']",wtm:Recipe,['Sweet'],my grandmother s sugar cookies,recipe:220517
295,400,400,dry_white_wine,,wtm:Ingredient,"['Bitter', 'Sweet']",dry white wine,ind:dry_white_wine
296,421,421,fresh_ground_pepper,,wtm:Ingredient,['Piquant'],fresh ground pepper,ind:fresh_ground_pepper
297,564,564,50340,"['ind:AllPurposeFlour', 'ind:BakingPowder', 'ind:VegetableOil', 'ind:BlackPepper', 'ind:ChickenEgg', 'ind:WhiteSugar', 'ind:Salt', 'ind:beer']",wtm:Recipe,['Bitter'],beer batter for fish or veggies,recipe:50340
298,353,353,27105,"['ind:WhiteSugar', 'ind:orange_rind', 'ind:Mayonnaise', 'ind:powdered_sugar', 'ind:BakingSoda', 'ind:AllPurposeFlour', 'ind:CowMilk', 'ind:orange_juice', 'ind:whole_berry_cranberry_sauce', 'ind:Salt']",wtm:Recipe,"['Bitter', 'Sweet']",cranberry sauce cake,recipe:27105
299,197,197,372087,"['ind:WhiteSugar', 'ind:Salt', 'ind:CowMilk', 'ind:AllPurposeFlour', 'ind:Butter', 'ind:BakingPowder', 'ind:VanillaExtract']",wtm:Recipe,['Sweet'],fluffy eggless sugar cookies  breathtaking delicacies,recipe:372087
300,249,249,341440,"['ind:Butter', 'ind:WhiteSugar', 'ind:ChickenEgg', 'ind:AllPurposeFlour', 'ind:BakingPowder']",wtm:Recipe,['Sweet'],yummy sugar cookies,recipe:341440
301,368,368,138446,"['ind:Garlic', 'ind:Butter', 'ind:green_beans', 'ind:SoySauce']",wtm:Recipe,['Salty'],green beans in soy sauce,recipe:138446
302,415,415,384886,"['ind:baby_spinach', 'ind:lemon_zest', 'ind:unsalted_butter', 'ind:artichoke_hearts', 'ind:ChickenBroth', 'ind:fresh_lemon_juice', 'ind:boneless_skinless_chicken_thighs', 'ind:Salt', 'ind:Bacon', 'ind:AllPurposeFlour', 'ind:capers', 'ind:OliveOil', 'ind:ground_black_pepper']",wtm:Recipe,['Bitter'],artichoke chicken sandra lee  semi homemade,recipe:384886
303,404,404,9144,"['ind:Salt', 'ind:whipping_cream', 'ind:BlackPepper', 'ind:orange_juice', 'ind:Carrot', 'ind:Onion', 'ind:fresh_ginger', 'ind:low_sodium_chicken_broth']",wtm:Recipe,['Salty'],carrot orange soup,recipe:9144
304,392,392,ground_pork,,wtm:Ingredient,['Meaty'],ground pork,ind:ground_pork
305,88,88,136199,"['ind:sour_cream', 'ind:chocolate_chips']",wtm:Recipe,['Sour'],simple sour cream chocolate frosting,recipe:136199
306,552,552,501028,"['ind:cumin', 'ind:dark_chocolate_chips', 'ind:stewing_beef', 'ind:beef_broth', 'ind:tortilla_chips', 'ind:bell_peppers', 'ind:tomato_paste', 'ind:Salt', 'ind:chunky_salsa', 'ind:beef_bouillon_cube', 'ind:ground_coriander', 'ind:chicken_bouillon_cube', 'ind:habanero_pepper', 'ind:cinnamon', 'ind:beans', 'ind:light_brown_sugar', 'ind:Garlic', 'ind:white_onion', 'ind:stewing_pork', 'ind:BlackPepper', 'ind:sazon_goya', 'ind:mexican_chili_powder']",wtm:Recipe,"['Piquant', 'Meaty', 'Salty']",50 chili for the crockpot,recipe:501028
307,512,512,195881,"['ind:stewing_beef', 'ind:salt_pepper', 'ind:chicken_bouillon_cubes', 'ind:bay_leaf', 'ind:Onion', 'ind:Water', 'ind:CanolaOil', 'ind:Butter']",wtm:Recipe,"['Meaty', 'Salty']",egyptian lahma bil basal  beef in rich onion sauce,recipe:195881
308,391,391,pork,,wtm:Ingredient,['Meaty'],pork,ind:pork
309,414,414,175895,"['ind:fresh_lemon_juice', 'ind:AllPurposeFlour', 'ind:artichoke_hearts', 'ind:boneless_skinless_chicken_breast_halves', 'ind:GreenOnion', 'ind:chicken_stock', 'ind:Butter', 'ind:capers', 'ind:Salt', 'ind:Parsley', 'ind:dry_white_wine', 'ind:BlackPepper']",wtm:Recipe,"['Bitter', 'Salty', 'Meaty']",lemon artichoke chicken,recipe:175895
310,437,437,43905,"['ind:light_brown_sugar', 'ind:BakingPowder', 'ind:Butter', 'ind:semi_sweet_chocolate_chips', 'ind:AllPurposeFlour', 'ind:Salt', 'ind:WhiteSugar', 'ind:Banana']",wtm:Recipe,['Sweet'],choco banana squares,recipe:43905
311,231,231,76294,"['ind:unsalted_butter', 'ind:BakingPowder', 'ind:WhiteSugar', 'ind:AllPurposeFlour', 'ind:ChickenEgg', 'ind:VanillaExtract', 'ind:Salt']",wtm:Recipe,['Sweet'],vanilla sugar cookies,recipe:76294
312,75,75,74410,"['ind:bananas', 'ind:BakingSoda', 'ind:Butter', 'ind:sour_cream', 'ind:AllPurposeFlour', 'ind:ChickenEgg', 'ind:VanillaExtract', 'ind:Salt', 'ind:WhiteSugar']",wtm:Recipe,['Sour'],sour cream banana loaf,recipe:74410
313,67,67,156847,"['ind:LemonJuice', 'ind:prepared_horseradish', 'ind:worcestershire_sauce', 'ind:Salt', 'ind:GreenOnion', 'ind:fresh_ground_pepper', 'ind:sour_cream']",wtm:Recipe,['Sour'],sour cream and horseradish sauce,recipe:156847
314,363,363,13366,"['ind:CocoaPowder', 'ind:WhiteSugar', 'ind:ground_cloves', 'ind:cinnamon', 'ind:Salt']",wtm:Recipe,"['Bitter', 'Sweet']",spiced cocoa,recipe:13366
315,324,324,hot_sauce,,wtm:Ingredient,['Piquant'],hot sauce,ind:hot_sauce
316,330,330,248922,"['ind:BlackPepper', 'ind:cayenne_pepper', 'ind:Paprika', 'ind:kosher_salt']",wtm:Recipe,"['Piquant', 'Salty']",holy cow dry rub for beef hot,recipe:248922
317,484,484,150224,"['ind:Honey', 'ind:BlackPepper', 'ind:pork_loin_chops', 'ind:brown_mustard', 'ind:Paprika', 'ind:Salt', 'ind:Onion']",wtm:Recipe,"['Salty', 'Sweet', 'Meaty']",dave s honey mustard pork chops,recipe:150224
318,325,325,166619,"['ind:BlackPepper', 'ind:lime_juice', 'ind:Butter', 'ind:chili_powder', 'ind:ground_cumin', 'ind:Honey', 'ind:Onion', 'ind:cumin', 'ind:OliveOil', 'ind:london_broil_beef', 'ind:worcestershire_sauce', 'ind:hot_sauce', 'ind:Garlic', 'ind:Salt', 'ind:fresh_garlic', 'ind:Cilantro']",wtm:Recipe,"['Piquant', 'Meaty', 'Salty']",southwestern style london broil with chili butter,recipe:166619
319,79,79,23447,"['ind:Butter', 'ind:pecans', 'ind:sour_cream', 'ind:BakingPowder', 'ind:AllPurposeFlour', 'ind:cinnamon', 'ind:BakingSoda', 'ind:apple', 'ind:VanillaExtract', 'ind:ChickenEgg', 'ind:Salt', 'ind:WhiteSugar']",wtm:Recipe,['Sour'],sour cream apple coffee cake,recipe:23447
320,201,201,16544,"['ind:BakingSoda', 'ind:cinnamon', 'ind:molasses', 'ind:AllPurposeFlour', 'ind:Salt', 'ind:shortening', 'ind:ChickenEgg', 'ind:Clove', 'ind:WhiteSugar', 'ind:ground_ginger']",wtm:Recipe,['Sweet'],molasses sugar cookies,recipe:16544
321,207,207,312274,"['ind:AllPurposeFlour', 'ind:VanillaExtract', 'ind:WhiteSugar', 'ind:ChickenEgg', 'ind:light_brown_sugar', 'ind:pecans', 'ind:margarine']",wtm:Recipe,['Sweet'],brown sugar squares,recipe:312274
322,541,541,154497,"['ind:BlackPepper', 'ind:prepared_mustard', 'ind:ketchup', 'ind:tabasco_sauce', 'ind:ground_beef', 'ind:tomato_juice', 'ind:worcestershire_sauce', 'ind:OliveOil', 'ind:AppleCiderVinegar', 'ind:Onion', 'ind:Salt', 'ind:Garlic']",wtm:Recipe,"['Piquant', 'Meaty', 'Salty']",chili sauce for hot dogs,recipe:154497
323,450,450,77183,"['ind:CanolaOil', 'ind:fresh_ginger', 'ind:mirin', 'ind:SoySauce', 'ind:pork']",wtm:Recipe,"['Meaty', 'Salty', 'Bitter']",japanese ginger pork  shogayaki,recipe:77183
324,563,563,193842,"['ind:AllPurposeFlour', 'ind:Salt', 'ind:beer', 'ind:OliveOil']",wtm:Recipe,['Bitter'],pizza  beer  dough,recipe:193842
325,355,355,whole_berry_cranberry_sauce,,wtm:Ingredient,"['Bitter', 'Sweet']",whole berry cranberry sauce,ind:whole_berry_cranberry_sauce
326,28,28,161263,"['ind:AllPurposeFlour', 'ind:sour_cream', 'ind:BakingPowder', 'ind:Salt', 'ind:ChickenEgg', 'ind:VanillaExtract', 'ind:WhiteSugar', 'ind:unsalted_butter', 'ind:BakingSoda', 'ind:bananas']",wtm:Recipe,['Sour'],sour cream banana bread,recipe:161263
327,158,158,95365,"['ind:CowMilk', 'ind:powdered_sugar']",wtm:Recipe,['Sweet'],powdered sugar glaze,recipe:95365
328,155,155,345005,"['ind:Butter', 'ind:ChickenEgg', 'ind:BakingPowder', 'ind:CowMilk', 'ind:AllPurposeFlour', 'ind:powdered_sugar', 'ind:Salt', 'ind:VanillaExtract', 'ind:WhiteSugar', 'ind:shortening']",wtm:Recipe,['Sweet'],cutout sugar cookies with butter icing,recipe:345005
329,503,503,139158,"['ind:condensed_cream_of_chicken_soup', 'ind:macaroni', 'ind:cheddar_cheese', 'ind:bread', 'ind:CornedBeef', 'ind:Onion', 'ind:CowMilk']",wtm:Recipe,"['Meaty', 'Salty']",macaroni and corned beef casserole,recipe:139158
330,156,156,413014,"['ind:BakingPowder', 'ind:Salt', 'ind:ChickenEgg', 'ind:WhiteSugar', 'ind:Butter', 'ind:VanillaExtract', 'ind:AllPurposeFlour']",wtm:Recipe,['Sweet'],best ever sugar cookies,recipe:413014
331,518,518,350162,"['ind:Salt', 'ind:kidney_beans', 'ind:chili_powder', 'ind:worcestershire_sauce', 'ind:black_beans', 'ind:Celery', 'ind:diced_tomatoes', 'ind:ground_beef', 'ind:garbanzo_beans', 'ind:BlackPepper', 'ind:white_onion']",wtm:Recipe,"['Piquant', 'Salty', 'Meaty']",m s  splashes and dashes  chili recipe,recipe:350162
332,367,367,191140,"['ind:SoySauce', 'ind:WhiteSugar', 'ind:Garlic', 'ind:Salt', 'ind:rice_vinegar']",wtm:Recipe,['Salty'],ma nl jang ah jji  pickled garlic in soy sauce,recipe:191140
333,286,286,rice_vinegar,,wtm:Ingredient,['Sour'],rice vinegar,ind:rice_vinegar
334,532,532,59394,"['ind:BlackPepper', 'ind:ketchup', 'ind:ground_beef', 'ind:Celery', 'ind:tomato_juice', 'ind:AllPurposeFlour', 'ind:BrownSugar', 'ind:chili_powder', 'ind:Onion', 'ind:kidney_beans', 'ind:Salt']",wtm:Recipe,"['Piquant', 'Meaty', 'Salty']",amish chili,recipe:59394
335,140,140,191861,"['ind:Butter', 'ind:BakingSoda', 'ind:ChickenEgg', 'ind:WhiteSugar', 'ind:AllPurposeFlour', 'ind:almond_extract', 'ind:BakingPowder', 'ind:VanillaExtract']",wtm:Recipe,['Sweet'],the ultimate sugar cookies,recipe:191861
336,264,264,155152,"['ind:cinnamon', 'ind:WhiteSugar', 'ind:nutmeg']",wtm:Recipe,['Sweet'],cinnamon sugar mix for cinnamon toast,recipe:155152
337,185,185,184279,"['ind:boiling_water', 'ind:BrownSugar', 'ind:AllPurposeFlour', 'ind:molasses', 'ind:BakingSoda', 'ind:Water', 'ind:cinnamon', 'ind:ChickenEgg', 'ind:ginger', 'ind:Salt', 'ind:ground_cloves', 'ind:VanillaExtract', 'ind:WhiteSugar', 'ind:CanolaOil']",wtm:Recipe,['Sweet'],gingerbread cake with brown sugar sauce,recipe:184279
338,356,356,368499,"['ind:Salt', 'ind:WhiteSugar', 'ind:ChickenEgg', 'ind:powdered_sugar', 'ind:VegetableOil', 'ind:BakingPowder', 'ind:cocoa', 'ind:AllPurposeFlour', 'ind:VanillaExtract']",wtm:Recipe,"['Bitter', 'Sweet']",chocolate pixies  modified with cocoa powder,recipe:368499
339,378,378,SoySauce,,wtm:Ingredient,['Salty'],soy sauce,ind:SoySauce
340,272,272,340298,"['ind:nutmeg', 'ind:AllPurposeFlour', 'ind:CowMilk', 'ind:BakingPowder', 'ind:Butter', 'ind:Salt', 'ind:ChickenEgg', 'ind:VanillaExtract', 'ind:WhiteSugar', 'ind:cinnamon']",wtm:Recipe,['Sweet'],french breakfast muffins  sugar top muffins,recipe:340298
341,374,374,315722,"['ind:WhiteSugar', 'ind:ChickenEgg', 'ind:rice_vinegar', 'ind:SoySauce', 'ind:SesameOil']",wtm:Recipe,['Salty'],nona s soy sauce eggs  ramen eggs,recipe:315722
342,71,71,262790,"['ind:AllPurposeFlour', 'ind:walnuts', 'ind:ChickenEgg', 'ind:BakingPowder', 'ind:BakingSoda', 'ind:Butter', 'ind:CowMilk', 'ind:BrownSugar', 'ind:sour_cream']",wtm:Recipe,['Sour'],yummy nutty sour cream muffins,recipe:262790
343,165,165,180136,"['ind:Water', 'ind:apple']",wtm:Recipe,['Sweet'],apple puree applesauce real apple juice  no added sugar,recipe:180136
344,168,168,92283,"['ind:BakingPowder', 'ind:Butter', 'ind:ChickenEgg', 'ind:AllPurposeFlour', 'ind:CowMilk', 'ind:WhiteSugar', 'ind:Salt', 'ind:almond_extract']",wtm:Recipe,['Sweet'],almond sugar cookies,recipe:92283
345,193,193,285467,"['ind:BakingSoda', 'ind:cream_cheese', 'ind:BakingPowder', 'ind:sour_cream', 'ind:Butter', 'ind:AllPurposeFlour', 'ind:Salt', 'ind:shortening', 'ind:ChickenEgg', 'ind:VanillaExtract', 'ind:WhiteSugar']",wtm:Recipe,['Sweet'],valentine sugar cookies,recipe:285467
346,386,386,lean_pork,,wtm:Ingredient,['Meaty'],lean pork,ind:lean_pork
347,500,500,131218,"['ind:AllPurposeFlour', 'ind:ham', 'ind:Salt', 'ind:Water']",wtm:Recipe,"['Meaty', 'Salty']",pot pie noodles w  ham  beef  chicken  or turkey,recipe:131218
348,62,62,326587,"['ind:unsalted_butter', 'ind:VanillaExtract', 'ind:ChickenEgg', 'ind:WhiteSugar', 'ind:Salt', 'ind:Butter', 'ind:pecans', 'ind:BakingPowder', 'ind:sour_cream', 'ind:semi_sweet_chocolate_chips', 'ind:AllPurposeFlour', 'ind:cinnamon']",wtm:Recipe,['Sour'],chocolate sour cream coffee cake w topping and glaze,recipe:326587
349,412,412,324458,"['ind:Onion', 'ind:whipped_cream', 'ind:chicken_stock', 'ind:Butter', 'ind:WhiteSugar', 'ind:Carrot', 'ind:orange_juice', 'ind:ginger', 'ind:unsalted_butter']",wtm:Recipe,['Salty'],my famous carrot soup,recipe:324458
350,574,574,323856,"['ind:beer', 'ind:Garlic', 'ind:mustard_powder', 'ind:tabasco_sauce', 'ind:worcestershire_sauce', 'ind:cheddar_cheese', 'ind:Salt']",wtm:Recipe,"['Piquant', 'Salty', 'Bitter']",beer cheese spread,recipe:323856
351,305,305,beef_ribs,,wtm:Ingredient,['Meaty'],beef ribs,ind:beef_ribs
352,176,176,WhiteSugar,,wtm:Ingredient,['Sweet'],sugar,ind:WhiteSugar
353,579,579,253351,"['ind:Salt', 'ind:peanuts', 'ind:Water', 'ind:WhiteSugar']",wtm:Recipe,"['Bitter', 'Salty', 'Sweet']",my beer nuts,recipe:253351
354,238,238,274734,"['ind:Water', 'ind:WhiteSugar', 'ind:Salt', 'ind:Butter', 'ind:Carrot', 'ind:CornSyrup', 'ind:nutmeg']",wtm:Recipe,['Sweet'],sugar carrots,recipe:274734
355,543,543,10203,"['ind:Onion', 'ind:kidney_beans', 'ind:chili_powder', 'ind:VegetableOil', 'ind:Salt', 'ind:Garlic', 'ind:ground_beef', 'ind:tomato_sauce']",wtm:Recipe,"['Piquant', 'Meaty', 'Salty']",quick homemade chili con carne with beans,recipe:10203
356,63,63,129553,"['ind:Butter', 'ind:BakingSoda', 'ind:Salt', 'ind:ChickenEgg', 'ind:WhiteSugar', 'ind:AllPurposeFlour', 'ind:strawberry', 'ind:BakingPowder', 'ind:sour_cream']",wtm:Recipe,['Sour'],sour cream strawberry muffins,recipe:129553
357,265,265,151563,"['ind:Honey', 'ind:ham', 'ind:BrownSugar']",wtm:Recipe,['Sweet'],brown sugar honey baked ham,recipe:151563
358,236,236,368493,"['ind:AllPurposeFlour', 'ind:VanillaExtract', 'ind:Butter', 'ind:CowMilk', 'ind:ChickenEgg', 'ind:WhiteSugar', 'ind:BakingPowder']",wtm:Recipe,['Sweet'],sugar cookies,recipe:368493
359,42,42,30488,"['ind:Paprika', 'ind:Salt', 'ind:WhiteSugar', 'ind:AppleCiderVinegar', 'ind:sour_cream', 'ind:LemonJuice']",wtm:Recipe,['Sour'],old fashioned sour cream salad dressing,recipe:30488
360,395,395,dried_dill_weed,,wtm:Ingredient,['Bitter'],dried dill weed,ind:dried_dill_weed
361,540,540,369403,"['ind:GreenPepper', 'ind:kidney_beans', 'ind:chili_powder', 'ind:tomato_sauce', 'ind:lean_ground_beef']",wtm:Recipe,"['Piquant', 'Meaty', 'Salty']",beef chili,recipe:369403
362,145,145,129483,"['ind:nutmeg', 'ind:Salt', 'ind:heavy_cream', 'ind:WhiteSugar', 'ind:VanillaExtract', 'ind:AllPurposeFlour', 'ind:CowMilk', 'ind:Butter']",wtm:Recipe,['Sweet'],indiana sugar pie,recipe:129483
363,311,311,mexican_chili_powder,,wtm:Ingredient,['Piquant'],mexican chili powder,ind:mexican_chili_powder
364,575,575,90698,"['ind:tabasco_sauce', 'ind:Salt', 'ind:worcestershire_sauce', 'ind:dry_mustard', 'ind:sharp_cheddar_cheese', 'ind:Garlic', 'ind:beer']",wtm:Recipe,"['Piquant', 'Salty', 'Bitter']",old kentucky beer cheese,recipe:90698
365,478,478,488215,"['ind:Salt', 'ind:BlackPepper', 'ind:OliveOil', 'ind:pork_loin_chops', 'ind:button_mushrooms', 'ind:apple_juice', 'ind:chives', 'ind:Onion', 'ind:Garlic', 'ind:cream']",wtm:Recipe,"['Salty', 'Meaty']",seared pork chops with creamy mushrooms,recipe:488215
366,371,371,416256,"['ind:OliveOil', 'ind:SesameOil', 'ind:rice_vinegar', 'ind:Garlic', 'ind:WhiteSugar', 'ind:BlackPepper', 'ind:SoySauce']",wtm:Recipe,['Salty'],my uncle s soy sauce salad dressing,recipe:416256
367,36,36,89830,"['ind:VanillaExtract', 'ind:Salt', 'ind:cinnamon', 'ind:BakingSoda', 'ind:ChickenEgg', 'ind:AllPurposeFlour', 'ind:pecans', 'ind:Butter', 'ind:BakingPowder', 'ind:sour_cream', 'ind:Banana', 'ind:WhiteSugar']",wtm:Recipe,['Sour'],banana pecan sour cream coffee cake,recipe:89830
368,226,226,420979,"['ind:Water', 'ind:WhiteSugar']",wtm:Recipe,['Sweet'],caramel sauce with white sugar,recipe:420979
369,139,139,351261,"['ind:AllPurposeFlour', 'ind:BakingPowder', 'ind:sour_cream', 'ind:ChickenEgg', 'ind:VanillaExtract', 'ind:Salt', 'ind:WhiteSugar', 'ind:unsalted_butter', 'ind:BakingSoda']",wtm:Recipe,['Sweet'],regina s old fashioned soft sugar cookies,recipe:351261
370,427,427,34962,"['ind:half_and_half', 'ind:heavy_cream', 'ind:unflavored_gelatin', 'ind:WhiteSugar', 'ind:pure_vanilla_extract']",wtm:Recipe,['Sweet'],panna cotta,recipe:34962
371,129,129,391287,"['ind:heavy_cream', 'ind:AllPurposeFlour', 'ind:BakingPowder', 'ind:raisins', 'ind:WhiteSugar', 'ind:Salt', 'ind:Butter']",wtm:Recipe,['Sweet'],sugar hill inn s raisin scones,recipe:391287
372,523,523,332434,"['ind:diced_tomatoes', 'ind:prepared_mustard', 'ind:BlackPepper', 'ind:WhiteVinegar', 'ind:Salt', 'ind:Onion', 'ind:kidney_beans', 'ind:chili_powder', 'ind:lean_ground_beef', 'ind:BrownSugar', 'ind:Water']",wtm:Recipe,"['Piquant', 'Meaty', 'Salty']",cold day chili,recipe:332434
373,95,95,334076,"['ind:Mayonnaise', 'ind:WhiteSugar', 'ind:Parsley', 'ind:Salt', 'ind:Tomato', 'ind:BlackPepper', 'ind:sour_cream', 'ind:AllPurposeFlour', 'ind:Basil']",wtm:Recipe,['Sour'],broiled tomatoes with sour cream,recipe:334076
374,495,495,253167,"['ind:chili_powder', 'ind:lean_ground_beef', 'ind:worcestershire_sauce', 'ind:GreenPepper', 'ind:ketchup', 'ind:Water', 'ind:Garlic', 'ind:Celery', 'ind:tomato_sauce', 'ind:kidney_beans', 'ind:Onion']",wtm:Recipe,"['Salty', 'Piquant']",slow cooker chili for 2,recipe:253167
375,196,196,272534,"['ind:AllPurposeFlour', 'ind:dry_yeast', 'ind:WhiteSugar', 'ind:Butter', 'ind:Water']",wtm:Recipe,['Sweet'],vienna sugar cookies,recipe:272534
376,212,212,43142,"['ind:ground_cinnamon', 'ind:ground_cloves', 'ind:Salt', 'ind:WhiteSugar', 'ind:ChickenEgg', 'ind:ground_ginger', 'ind:BakingSoda', 'ind:AllPurposeFlour', 'ind:molasses', 'ind:Butter']",wtm:Recipe,['Sweet'],sugar coated molasses cookies,recipe:43142
377,337,337,463076,"['ind:Salt', 'ind:Garlic', 'ind:WhiteSugar', 'ind:OliveOil', 'ind:BlackPepper', 'ind:lime_juice']",wtm:Recipe,"['Sour', 'Salty']",simple lime salad dressing,recipe:463076
378,108,108,59887,"['ind:sour_cream', 'ind:icing_sugar', 'ind:VanillaExtract', 'ind:whipping_cream']",wtm:Recipe,['Sour'],sour cream frosting,recipe:59887
379,431,431,ground_pepper,,wtm:Ingredient,['Piquant'],ground pepper,ind:ground_pepper
380,506,506,322262,"['ind:Potato', 'ind:Water', 'ind:cream_of_mushroom_soup', 'ind:Carrot', 'ind:Onion', 'ind:stewing_beef']",wtm:Recipe,"['Meaty', 'Salty']",slow and easy beef stew,recipe:322262
381,341,341,328247,"['ind:lime_juice', 'ind:lime_zest', 'ind:unsalted_butter', 'ind:powdered_sugar', 'ind:cream_cheese']",wtm:Recipe,"['Sour', 'Sweet']",key lime cream cheese frosting,recipe:328247
382,417,417,215933,"['ind:artichoke_hearts', 'ind:parmesan_cheese', 'ind:Mayonnaise', 'ind:Garlic', 'ind:mozzarella_cheese', 'ind:BlackPepper', 'ind:Salt']",wtm:Recipe,"['Bitter', 'Salty']",betsy s quick easy  artichoke dip,recipe:215933
383,55,55,166325,"['ind:Garlic', 'ind:WhiteSugar', 'ind:Water', 'ind:OliveOil', 'ind:fat', 'ind:Onion', 'ind:white_wine_vinegar', 'ind:Salt', 'ind:bay_leaf']",wtm:Recipe,['Sour'],cipolline in agrodolce  sweet and sour onions,recipe:166325
384,267,267,471338,"['ind:Salt', 'ind:BakingSoda', 'ind:AllPurposeFlour', 'ind:Butter', 'ind:light_brown_sugar', 'ind:ChickenEgg']",wtm:Recipe,['Sweet'],brown sugar cut out cookies,recipe:471338
385,161,161,192995,"['ind:Salt', 'ind:VanillaExtract', 'ind:WhiteSugar', 'ind:ChickenEgg', 'ind:BakingPowder', 'ind:Butter', 'ind:AllPurposeFlour']",wtm:Recipe,['Sweet'],really good rolled sugar cookies,recipe:192995
386,94,94,405943,"['ind:cheddar_cheese', 'ind:Salt', 'ind:BlackPepper', 'ind:sour_cream', 'ind:cream', 'ind:chives', 'ind:Potato', 'ind:parmesan_cheese']",wtm:Recipe,['Sour'],sour cream and chive potato bake,recipe:405943
387,125,125,263858,"['ind:BakingPowder', 'ind:AllPurposeFlour', 'ind:ChickenEgg', 'ind:VanillaExtract', 'ind:Salt', 'ind:WhiteSugar', 'ind:VegetableOil', 'ind:orange_rind']",wtm:Recipe,['Sweet'],stir and drop sugar cookies,recipe:263858
388,262,262,175046,"['ind:CowMilk', 'ind:VanillaExtract', 'ind:AllPurposeFlour', 'ind:ChickenEgg', 'ind:WhiteSugar', 'ind:Butter']",wtm:Recipe,['Sweet'],oven baked sugar cones for ice cream,recipe:175046
389,493,493,111636,"['ind:Oregano', 'ind:cayenne_pepper', 'ind:ground_beef', 'ind:tomato_sauce', 'ind:cumin', 'ind:OliveOil', 'ind:chili_powder', 'ind:Onion', 'ind:kidney_beans', 'ind:bay_leaf', 'ind:Garlic']",wtm:Recipe,"['Salty', 'Piquant']",pop pop s chili,recipe:111636
390,77,77,200350,"['ind:sour_cream', 'ind:light_brown_sugar', 'ind:grand_marnier']",wtm:Recipe,['Sour'],yummy sour cream fruit dip,recipe:200350
391,567,567,301830,"['ind:AllPurposeFlour', 'ind:BakingPowder', 'ind:Salt', 'ind:shortening', 'ind:beer']",wtm:Recipe,['Bitter'],pigs beer biscuits,recipe:301830
392,137,137,181048,"['ind:ChickenEgg', 'ind:WhiteSugar', 'ind:Mayonnaise', 'ind:AllPurposeFlour', 'ind:margarine']",wtm:Recipe,['Sweet'],gloria s lofthouse sugar cookies,recipe:181048
393,82,82,114561,"['ind:CowMilk', 'ind:ground_ginger', 'ind:ChickenEgg', 'ind:Salt', 'ind:SoySauce', 'ind:VegetableOil', 'ind:BlackPepper', 'ind:toasted_sesame_seeds', 'ind:sour_cream', 'ind:ginger', 'ind:Onion', 'ind:AllPurposeFlour', 'ind:ground_beef', 'ind:sesame_seeds', 'ind:beef_broth', 'ind:Butter', 'ind:breadcrumbs']",wtm:Recipe,['Sour'],sesame sour cream meatballs,recipe:114561
394,347,347,lemon_zest,,wtm:Ingredient,['Bitter'],lemon zest,ind:lemon_zest
395,321,321,hot_red_pepper_sauce,,wtm:Ingredient,['Piquant'],hot red pepper sauce,ind:hot_red_pepper_sauce
396,285,285,cider_vinegar,,wtm:Ingredient,['Sour'],cider vinegar,ind:cider_vinegar
397,383,383,sherry_wine,,wtm:Ingredient,"['Sweet', 'Bitter']",sherry wine,ind:sherry_wine
398,268,268,260962,"['ind:cinnamon', 'ind:BrownSugar', 'ind:Butter', 'ind:Honey']",wtm:Recipe,['Sweet'],brown sugar honey butter,recipe:260962
399,147,147,325024,"['ind:Salt', 'ind:shortening', 'ind:ChickenEgg', 'ind:WhiteSugar', 'ind:almond_extract', 'ind:BakingSoda', 'ind:sour_cream', 'ind:AllPurposeFlour']",wtm:Recipe,['Sweet'],the best soft and chewy sugar cookies you will ever make,recipe:325024
400,52,52,302528,"['ind:BakingSoda', 'ind:VegetableOil', 'ind:bananas', 'ind:WhiteSugar', 'ind:ChickenEgg', 'ind:AllPurposeFlour', 'ind:nuts', 'ind:sour_cream', 'ind:VanillaExtract']",wtm:Recipe,['Sour'],best ever sour cream banana bread,recipe:302528
401,487,487,94470,"['ind:BlackPepper', 'ind:Salt', 'ind:ground_beef', 'ind:chili_powder', 'ind:garlic_powder', 'ind:tomato_soup', 'ind:macaroni', 'ind:mozzarella_cheese']",wtm:Recipe,"['Piquant', 'Salty', 'Meaty']",beef and macaroni chili,recipe:94470
402,116,116,236264,"['ind:Onion', 'ind:barbecue_sauce', 'ind:ketchup', 'ind:Water', 'ind:AppleCiderVinegar']",wtm:Recipe,['Sour'],sweet  n sour onions,recipe:236264
403,433,433,maple_syrup,,wtm:Ingredient,['Sweet'],maple syrup,ind:maple_syrup
404,430,430,habanero_pepper,,wtm:Ingredient,['Piquant'],habanero pepper,ind:habanero_pepper
405,405,405,103393,"['ind:Potato', 'ind:dry_onion_soup_mix', 'ind:parsley_flakes', 'ind:BlackPepper', 'ind:hot_water', 'ind:margarine']",wtm:Recipe,['Salty'],soup  er no peel potatoes,recipe:103393
406,432,432,sweet_pepper,,wtm:Ingredient,['Sweet'],sweet pepper,ind:sweet_pepper
407,217,217,349385,"['ind:ChickenEgg', 'ind:BrownSugar', 'ind:cinnamon', 'ind:WhiteSugar']",wtm:Recipe,['Sweet'],tasty cinnamon sugar topping for bread machine bread,recipe:349385
408,250,250,359127,"['ind:ChickenEgg', 'ind:WhiteSugar', 'ind:Salt', 'ind:CowMilk', 'ind:AllPurposeFlour', 'ind:BakingPowder', 'ind:Water', 'ind:VegetableOil']",wtm:Recipe,['Sweet'],fried sugar cookies,recipe:359127
409,240,240,200248,"['ind:powdered_sugar', 'ind:VanillaExtract', 'ind:orange_juice']",wtm:Recipe,['Sweet'],orange sugar glaze,recipe:200248
410,542,542,258091,"['ind:chili_powder', 'ind:GreenPepper', 'ind:ground_beef', 'ind:diced_tomatoes', 'ind:Garlic', 'ind:Onion', 'ind:tomato_sauce', 'ind:kidney_beans']",wtm:Recipe,"['Piquant', 'Meaty', 'Salty']",chili crock pot,recipe:258091
411,113,113,28486,"['ind:Butter', 'ind:BlackPepper', 'ind:Salt', 'ind:AppleCiderVinegar', 'ind:BrownSugar', 'ind:Cabbage', 'ind:apples']",wtm:Recipe,['Sour'],sweet n  sour cabbage and apples for the microwave,recipe:28486
412,53,53,252079,"['ind:Onion', 'ind:Water', 'ind:ketchup', 'ind:WhiteSugar', 'ind:Beef', 'ind:SoySauce', 'ind:worcestershire_sauce', 'ind:AppleCiderVinegar', 'ind:AllPurposeFlour']",wtm:Recipe,['Sour'],sweet and sour beef cubes,recipe:252079
413,48,48,234562,"['ind:BakingSoda', 'ind:Butter', 'ind:BakingPowder', 'ind:sour_cream', 'ind:AllPurposeFlour', 'ind:ChickenEgg', 'ind:VanillaExtract', 'ind:Salt', 'ind:WhiteSugar']",wtm:Recipe,['Sour'],sour cream tea bread,recipe:234562
414,296,296,powdered_sugar,,wtm:Ingredient,['Sweet'],powdered sugar,ind:powdered_sugar
415,447,447,445530,"['ind:BlackPepper', 'ind:Onion', 'ind:capers', 'ind:diced_tomatoes', 'ind:white_wine', 'ind:OliveOil', 'ind:artichoke_hearts', 'ind:sliced_mushrooms', 'ind:black_olives', 'ind:heavy_cream', 'ind:Salt']",wtm:Recipe,['Salty'],creamy mediterranean sauce for pork  chicken  or lamb,recipe:445530
416,8,8,136885,"['ind:BakingPowder', 'ind:sour_cream', 'ind:AllPurposeFlour', 'ind:WhiteSugar', 'ind:Salt', 'ind:shortening', 'ind:CowMilk']",wtm:Recipe,['Sour'],sour cream drop biscuits,recipe:136885
417,33,33,424587,"['ind:sour_cream', 'ind:BakingPowder', 'ind:Butter', 'ind:semi_sweet_chocolate_chips', 'ind:AllPurposeFlour', 'ind:ChickenEgg', 'ind:BakingSoda', 'ind:cinnamon', 'ind:Salt', 'ind:VanillaExtract', 'ind:WhiteSugar']",wtm:Recipe,['Sour'],sour cream cake with chocolate chips,recipe:424587
418,504,504,14346,"['ind:stewing_beef', 'ind:cream_of_chicken_soup', 'ind:BlackPepper', 'ind:cream_of_celery_soup', 'ind:Carrot', 'ind:cream_of_mushroom_soup', 'ind:Onion', 'ind:parsley_flakes', 'ind:Celery', 'ind:Potato', 'ind:white_wine', 'ind:Water']",wtm:Recipe,"['Meaty', 'Salty']",thick vegetable beef stew,recipe:14346
419,537,537,282799,"['ind:whole_kernel_corn', 'ind:cheddar_cheese', 'ind:Onion', 'ind:kidney_beans', 'ind:ground_beef', 'ind:chili_powder', 'ind:picante_sauce', 'ind:garlic_powder', 'ind:diced_tomatoes']",wtm:Recipe,"['Piquant', 'Meaty', 'Salty']",crock pot corny chili,recipe:282799
420,25,25,245930,"['ind:boiling_water', 'ind:Butter', 'ind:pecans', 'ind:cocoa', 'ind:sour_cream', 'ind:AllPurposeFlour', 'ind:BakingSoda', 'ind:ChickenEgg', 'ind:WhiteSugar']",wtm:Recipe,['Sour'],mom s sour cream chocolate  sheet  cake,recipe:245930
421,312,312,CornedBeef,,wtm:Ingredient,"['Meaty', 'Salty']",corned beef,ind:CornedBeef
422,304,304,beef_broth,,wtm:Ingredient,['Salty'],beef broth,ind:beef_broth
423,440,440,38852,"['ind:AppleCiderVinegar', 'ind:prepared_mustard', 'ind:CowMilk', 'ind:oatmeal', 'ind:ketchup', 'ind:ChickenEgg', 'ind:WhiteSugar', 'ind:Salt', 'ind:Onion', 'ind:ground_beef']",wtm:Recipe,"['Meaty', 'Sour', 'Salty']",second only to my meatloaf  meatballs,recipe:38852
424,362,362,154565,"['ind:Butter', 'ind:WhiteSugar', 'ind:ChickenEgg', 'ind:rolled_oats', 'ind:cocoa']",wtm:Recipe,"['Bitter', 'Sweet']",cocoa oatmeal cookies czech style,recipe:154565
425,549,549,293932,"['ind:chili_powder', 'ind:Garlic', 'ind:diced_tomatoes', 'ind:BlackPepper', 'ind:GreenPepper', 'ind:ground_beef', 'ind:Basil', 'ind:kidney_beans', 'ind:tomato_sauce', 'ind:Onion']",wtm:Recipe,"['Piquant', 'Meaty', 'Salty']",oamc chili,recipe:293932
426,43,43,70437,"['ind:cinnamon', 'ind:Salt', 'ind:VanillaExtract', 'ind:WhiteSugar', 'ind:ChickenEgg', 'ind:BakingPowder', 'ind:Butter', 'ind:BrownSugar', 'ind:pecans', 'ind:AllPurposeFlour', 'ind:sour_cream', 'ind:BakingSoda']",wtm:Recipe,['Sour'],sour cream cinnamon nut muffins,recipe:70437
427,41,41,32805,"['ind:onion_powder', 'ind:yogurt']",wtm:Recipe,['Sour'],yogurt cheese  sour cream substitute,recipe:32805
428,253,253,210058,"['ind:ChickenEgg', 'ind:WhiteSugar', 'ind:VegetableOil', 'ind:BakingPowder', 'ind:orange_juice', 'ind:AllPurposeFlour', 'ind:VanillaExtract', 'ind:poppy_seed']",wtm:Recipe,['Sweet'],poppy seed sugar cookies  food processor,recipe:210058
429,494,494,276941,"['ind:OliveOil', 'ind:Salt', 'ind:chili_powder', 'ind:LemonJuice']",wtm:Recipe,"['Salty', 'Piquant']",chili lemon marinade for chicken,recipe:276941
430,228,228,427400,"['ind:Salt', 'ind:VanillaExtract', 'ind:ChickenEgg', 'ind:AllPurposeFlour', 'ind:CowMilk', 'ind:BakingPowder', 'ind:Butter', 'ind:BrownSugar']",wtm:Recipe,['Sweet'],brown sugar pancakes,recipe:427400
431,449,449,215600,"['ind:Garlic', 'ind:Parsley', 'ind:cayenne_pepper', 'ind:BalsamicVinegar', 'ind:OliveOil', 'ind:BlackPepper', 'ind:worcestershire_sauce', 'ind:SoySauce', 'ind:liquid_smoke']",wtm:Recipe,['Salty'],victoryred s pork chop marinade for the grill,recipe:215600
432,562,562,170415,"['ind:BlackPepper', 'ind:Salt', 'ind:ChickenEgg', 'ind:AllPurposeFlour', 'ind:Butter', 'ind:beer']",wtm:Recipe,['Bitter'],english beer batter,recipe:170415
433,525,525,382600,"['ind:AllPurposeFlour', 'ind:ground_cumin', 'ind:chili_powder', 'ind:beef_stew_meat', 'ind:Salt', 'ind:Garlic', 'ind:beef_broth', 'ind:ground_black_pepper']",wtm:Recipe,"['Piquant', 'Meaty', 'Salty']",chili authentic texas red,recipe:382600
434,188,188,393274,"['ind:ChickenEgg', 'ind:Salt', 'ind:Butter', 'ind:BakingPowder', 'ind:CowMilk', 'ind:AllPurposeFlour', 'ind:rolled_oats']",wtm:Recipe,['Sweet'],oatmeal pancakes sugar free,recipe:393274
435,126,126,344383,"['ind:AllPurposeFlour', 'ind:Salt', 'ind:WhiteSugar', 'ind:ChickenEgg', 'ind:Butter', 'ind:orange_rind', 'ind:BakingPowder']",wtm:Recipe,['Sweet'],martha s blue ribbon sugar cookies christmas,recipe:344383
436,34,34,77062,"['ind:Salt', 'ind:unsalted_butter', 'ind:AllPurposeFlour', 'ind:sour_cream']",wtm:Recipe,['Sour'],sour cream pastry,recipe:77062
437,401,401,muscat_wine,,wtm:Ingredient,"['Bitter', 'Sweet']",muscat wine,ind:muscat_wine
438,451,451,322206,"['ind:ground_cumin', 'ind:Paprika', 'ind:GreenPepper', 'ind:Salt', 'ind:Basil', 'ind:BlackPepper', 'ind:pork_loin_chops', 'ind:VegetableOil', 'ind:worcestershire_sauce', 'ind:tomato_sauce', 'ind:Onion', 'ind:cayenne_pepper', 'ind:Garlic', 'ind:Celery']",wtm:Recipe,"['Meaty', 'Salty']",creole pork chops,recipe:322206
439,99,99,298863,"['ind:cool_whip', 'ind:sour_cream', 'ind:WhiteSugar', 'ind:vanilla_instant_pudding_mix']",wtm:Recipe,['Sour'],charlotte s sour cream icing,recipe:298863
440,357,357,386980,"['ind:cinnamon', 'ind:cocoa', 'ind:BakingPowder', 'ind:AllPurposeFlour', 'ind:ChickenEgg', 'ind:WhiteSugar', 'ind:vegetable_shortening', 'ind:nutmeg', 'ind:Potato']",wtm:Recipe,"['Bitter', 'Piquant', 'Sweet']",spicy cocoa cookies,recipe:386980
